p_categories,p_brand,p_day_created,p_sold_quantity,p_original_price,p_discount_rate
7,155,659.0,702,528000,49
84,198,974.0,12844,799000,46
84,192,1372.0,938,209000,0
7,155,593.0,10359,473000,50
15,145,529.0,2338,106000,16
7,155,82.0,808,715000,51
84,155,775.0,1437,677000,48
84,155,785.0,11686,350000,51
84,240,1280.0,3,182900,0
84,197,1070.0,2806,95000,0
84,285,965.0,6134,199000,5
97,297,810.0,12778,125000,0
151,298,273.0,549,35800,30
84,155,1616.0,6621,924000,49
44,155,887.0,13393,171000,53
15,11,119.0,6,1290000,9
52,192,411.0,1911,6000,0
115,158,266.0,452,252000,25
54,155,775.0,390,362000,45
38,240,800.0,1684,412000,37
108,122,103.0,0,17300000,7
36,125,503.0,1479,70000,0
59,177,564.0,566,119000,0
84,155,981.0,9861,1667000,53
54,155,70.0,259,1490000,51
108,122,103.0,0,38500000,15
90,192,437.0,0,580000,0
68,155,561.0,5071,217000,50
120,192,1139.0,5,287000,0
70,192,401.0,1,3425000,0
21,255,573.0,3797,929000,46
84,240,1755.0,8816,119000,38
104,75,1863.0,2033,136800,0
151,183,652.0,3805,155000,0
30,286,85.0,21,1498000,40
0,198,477.0,3841,199000,26
89,192,201.0,1095,280000,33
57,125,195.0,1472,45000,33
62,12,747.0,892,169000,26
84,155,436.0,343,217000,45
84,198,501.0,2005,89000,46
105,45,611.0,1483,70000,10
7,155,575.0,3150,517000,52
108,123,531.0,0,5800000,15
38,155,1702.0,8556,979000,51
141,192,1085.0,1,32000,0
91,173,322.0,855,49000,0
84,197,1316.0,2597,100000,10
108,122,48.0,0,11300000,30
132,145,203.0,255,39000,8
4,60,280.0,1817,1258200,44
23,140,197.0,432,285000,48
108,123,532.0,2,29900000,0
38,247,68.0,314,450000,42
20,145,455.0,513,659000,32
108,123,531.0,1,29900000,0
84,198,702.0,1540,135000,46
84,119,944.0,478,29000,50
126,260,1405.0,10716,54000,17
108,123,531.0,0,20400000,15
84,177,564.0,1056,330000,51
104,75,1863.0,25,199000,37
9,192,228.0,496,67000,0
141,192,1135.0,100,59000,0
108,123,531.0,0,5900000,15
84,155,1442.0,2690,275000,50
84,33,1605.0,2480,1669000,40
57,65,191.0,117,299000,39
7,155,134.0,420,730000,51
108,123,532.0,0,29800000,10
59,192,435.0,0,2500,4
7,155,254.0,785,605000,52
59,192,309.0,4796,38000,43
108,123,532.0,0,68900000,0
101,60,294.0,1985,32400,44
62,117,294.0,1806,62000,0
43,198,477.0,4220,89000,46
94,192,246.0,0,90000,0
108,123,170.0,0,57900000,25
127,121,254.0,1044,160000,50
141,192,1109.0,703,13000,0
138,269,541.0,1196,260000,48
43,141,196.0,615,75000,48
108,122,48.0,0,4900000,20
84,198,971.0,6174,190000,43
140,43,897.0,3671,420000,0
84,155,1768.0,20875,424000,51
84,155,1702.0,285,539000,45
108,122,48.0,0,9100000,30
7,155,170.0,421,515000,52
84,155,1332.0,356,292000,42
118,234,388.0,821,55000,0
108,122,48.0,0,29900000,0
84,198,478.0,2585,199000,40
104,168,375.0,21,30000,0
97,96,519.0,489,149000,0
7,243,515.0,583,300000,53
57,231,1727.0,3665,35000,33
23,140,330.0,329,199000,30
38,141,195.0,615,425000,39
129,192,874.0,325,75372,50
84,291,945.0,3879,130000,33
0,141,196.0,882,110000,46
84,153,185.0,1114,75000,7
44,155,744.0,4028,171000,42
84,155,1699.0,3378,545000,46
118,234,279.0,1837,53900,0
141,192,992.0,26,45000,0
18,145,996.0,1983,209000,5
141,53,785.0,3373,115000,26
137,192,623.0,33,36991,0
37,192,1337.0,13,80000,30
84,239,821.0,321,900000,25
7,73,492.0,870,389000,57
7,155,224.0,891,520000,52
97,297,625.0,4665,106000,0
47,181,394.0,2436,560000,39
141,192,996.0,7,89000,0
47,145,855.0,697,69000,13
84,155,1804.0,10395,483000,50
84,73,761.0,1217,450000,57
84,155,1804.0,4759,539000,49
20,78,259.0,470,500000,42
59,247,68.0,84,194000,23
149,192,1378.0,6,312798,50
57,192,1337.0,316,19000,0
126,260,1047.0,3100,95000,17
84,198,244.0,636,78000,49
57,179,201.0,121,25000,0
84,192,1104.0,777,5800,0
106,145,538.0,1817,125000,32
7,155,113.0,395,1063000,62
22,274,793.0,1549,189000,32
94,205,294.0,206,145000,10
74,177,564.0,1555,99000,57
57,158,384.0,406,516000,36
38,192,814.0,1982,199999,0
57,192,484.0,54,6700,0
20,5,933.0,1223,180000,10
151,233,406.0,635,479000,0
0,192,1230.0,1,177900,0
126,198,401.0,1188,75000,52
28,195,219.0,352,85000,43
59,192,147.0,291,148000,40
151,199,2020.0,823,329000,12
84,192,1529.0,22,9000,0
141,291,321.0,449,220000,45
84,155,1804.0,3969,439000,50
59,192,310.0,1946,32900,2
84,192,1503.0,866,60000,0
84,19,105.0,779,35000,14
84,265,952.0,1374,52000,0
151,298,230.0,107,163700,30
15,145,871.0,1059,230000,18
0,140,763.0,1666,285000,48
141,192,996.0,15,79999,0
63,198,201.0,873,100000,46
7,243,435.0,215,400000,50
84,155,749.0,45,242000,43
21,255,967.0,139,344000,24
47,155,1974.0,0,419000,0
84,240,2132.0,8162,430000,38
54,155,412.0,11,800000,44
38,198,499.0,2387,849000,42
124,192,1097.0,16,42000,0
97,125,205.0,1036,85000,24
84,2,1818.0,100,52000,0
20,13,399.0,1447,380000,40
81,206,1148.0,66,75000,15
57,60,502.0,13,13500,0
84,198,539.0,1871,299000,38
8,192,198.0,15,130000,17
7,155,460.0,156,506000,47
21,155,229.0,198,677000,50
84,198,727.0,5812,299000,37
84,274,674.0,1510,129000,33
84,99,1058.0,2084,200000,36
90,192,660.0,0,5989000,0
84,66,44.0,827,55000,36
81,125,485.0,1041,150000,9
49,162,361.0,43,38000,0
18,90,461.0,2347,41000,0
59,192,309.0,1681,89000,2
0,198,60.0,125,129000,39
84,182,758.0,1497,1000000,55
138,284,392.0,992,250000,44
136,155,104.0,95,231000,50
37,192,421.0,1171,48990,0
47,192,790.0,1,99000,0
97,121,118.0,378,50000,50
7,155,133.0,318,490000,50
84,77,838.0,379,370000,2
47,216,595.0,917,227000,12
97,192,224.0,53,17395,0
47,74,517.0,1272,1178000,50
109,179,132.0,178,89000,0
26,125,425.0,801,295000,37
84,192,776.0,35,183000,0
7,155,145.0,242,489000,51
57,2,1011.0,97,69000,61
84,19,105.0,304,50000,10
25,192,282.0,51,119000,0
38,192,846.0,0,255000,0
141,192,1023.0,627,119000,0
138,174,632.0,3028,190000,11
84,285,965.0,1459,220000,14
57,192,1010.0,218,20897,0
17,155,435.0,5288,2657000,50
68,243,517.0,1368,220000,50
85,49,608.0,562,180000,0
101,87,870.0,1322,190000,8
84,192,84.0,7,199000,0
87,155,229.0,223,1112000,53
84,155,806.0,3671,174000,51
21,240,2129.0,140,290000,27
23,198,502.0,833,145000,41
99,77,838.0,1369,680000,2
47,192,868.0,1,66000,0
23,0,285.0,116,539000,0
15,145,904.0,1459,229000,9
64,193,778.0,1383,350000,49
84,212,116.0,257,898000,10
151,34,362.0,328,129000,7
104,168,1216.0,80,51700,0
102,216,642.0,1322,35000,0
21,192,784.0,0,119000,0
151,233,358.0,889,350000,0
141,192,868.0,1,118000,0
50,155,1701.0,664,241000,42
141,179,82.0,121,79000,0
7,192,218.0,43,178000,0
84,173,551.0,849,155000,0
94,222,966.0,818,59000,0
84,191,834.0,2162,383000,58
84,255,476.0,526,1229000,36
59,247,68.0,39,188000,21
44,269,132.0,63,299000,49
81,192,1177.0,197,21400,0
97,196,275.0,538,53000,9
123,192,435.0,0,15900,0
97,179,17.0,13,25000,0
144,266,251.0,713,258000,51
84,192,1090.0,1,93488,0
149,192,1108.0,1275,52900,0
84,33,1605.0,3454,869000,37
32,192,1149.0,215,198000,61
84,182,1210.0,937,700000,40
68,155,1699.0,19931,495000,50
7,155,167.0,311,267000,51
23,269,413.0,349,178000,29
144,266,133.0,162,138000,51
124,0,315.0,319,17000,0
84,155,1820.0,1208,644000,46
139,208,139.0,175,195000,24
111,192,374.0,138,280000,12
21,240,135.0,99,830000,38
101,192,208.0,81,55000,0
84,61,721.0,877,119000,0
47,145,363.0,23,129000,0
126,260,1047.0,1893,95000,17
115,158,266.0,270,945000,34
7,155,233.0,544,579000,51
54,155,1316.0,5009,1285000,53
62,217,359.0,479,105000,25
140,298,1352.0,499,213600,30
84,112,905.0,647,279000,27
4,60,156.0,255,2698200,44
55,192,558.0,0,13000,0
118,234,191.0,290,39000,0
15,145,855.0,373,350000,9
59,40,191.0,177,185000,0
59,121,287.0,1896,10000,50
84,65,1688.0,4222,544000,29
84,240,908.0,4,140000,0
7,73,184.0,97,499000,47
84,192,905.0,198,163999,0
38,155,33.0,38,934000,51
9,199,415.0,2059,66000,33
18,192,1626.0,811,23999,0
141,192,709.0,56,12000,0
104,95,1316.0,649,49000,0
127,192,541.0,0,1059000,0
127,192,540.0,22,1592800,0
59,192,723.0,0,14000,0
64,193,635.0,2442,125000,45
23,177,559.0,239,990000,33
47,145,853.0,2002,89000,19
84,192,1086.0,0,58000,0
6,155,98.0,158,529000,50
84,76,803.0,240,149000,0
128,202,266.0,260,200000,38
104,56,392.0,767,21500,0
120,192,98.0,169,25000,0
101,192,226.0,311,19000,0
84,58,1009.0,2535,355000,12
87,255,327.0,171,1819000,31
84,192,15.0,143,9000,0
64,193,657.0,184,300000,48
7,34,404.0,1121,148000,7
64,15,58.0,275,339000,48
151,192,712.0,51,15000,0
84,117,1273.0,15302,460000,4
7,155,434.0,18,601000,45
87,155,229.0,186,945000,52
94,15,100.0,264,121000,48
85,163,671.0,1236,49000,8
28,162,322.0,37,65000,3
84,192,1204.0,52,92793,0
141,192,33.0,50,198000,70
84,168,513.0,604,93500,0
57,131,821.0,855,285000,0
151,176,2138.0,1012,125000,14
11,135,680.0,329,65000,50
57,192,376.0,4,9999,0
84,192,1350.0,12,45999,0
68,211,413.0,326,349000,29
107,192,205.0,252,64500,0
43,192,435.0,1543,124950,32
82,100,42.0,21,696600,8
84,265,989.0,1511,78000,0
62,89,409.0,465,67000,1
84,198,575.0,2649,99000,40
97,162,322.0,109,66000,0
6,169,188.0,230,45000,16
97,163,757.0,477,135000,4
84,125,175.0,394,185000,14
141,192,64.0,122,178000,39
5,192,1283.0,1547,149000,0
123,192,438.0,490,102000,32
113,251,402.0,150,359000,36
88,117,64.0,111,39000,0
9,199,567.0,698,180000,56
84,155,803.0,648,1171000,51
6,263,503.0,408,75000,0
0,141,194.0,246,99000,40
100,192,653.0,498,35000,0
21,192,1113.0,102,158000,0
86,93,527.0,1395,4290000,57
47,154,420.0,593,270000,11
23,155,799.0,1507,428000,50
68,211,1298.0,2885,299000,10
84,75,806.0,134,75000,35
78,192,1324.0,3,31136,0
84,212,77.0,138,898000,10
20,5,1230.0,2255,150000,2
123,192,586.0,13,40000,16
101,87,371.0,663,130000,0
151,150,578.0,12,55900,0
50,192,651.0,20,11900,0
80,278,537.0,114,249000,48
6,169,882.0,819,99000,11
84,240,2129.0,17,565000,0
4,117,230.0,528,328000,5
84,192,545.0,34,14995,0
139,192,196.0,298,49900,30
84,298,445.0,1556,201800,30
43,198,62.0,36,319000,23
84,155,889.0,67,1942000,43
84,155,1183.0,67,539000,45
84,192,377.0,473,17900,5
54,155,1913.0,11548,636000,51
81,112,1168.0,453,219000,32
94,277,923.0,1804,114000,9
68,192,400.0,169,40000,0
4,192,395.0,2,1459000,0
101,192,54.0,80,150000,0
84,192,17.0,35,39000,15
84,192,699.0,85,15000,7
102,216,642.0,1441,39000,0
137,277,614.0,920,196000,0
148,216,726.0,669,650000,45
78,192,1350.0,1,38200,6
64,15,106.0,495,339000,48
84,77,1635.0,319,250000,28
15,145,861.0,95,339000,6
60,192,666.0,11,36999,0
118,162,425.0,67,102000,0
23,229,243.0,17,150000,17
37,192,805.0,87,349900,0
126,158,357.0,135,77000,32
84,192,110.0,1444,2900,0
84,285,944.0,3151,499000,10
107,167,630.0,946,115000,0
84,291,947.0,4812,250000,39
84,173,201.0,84,44000,0
54,155,222.0,412,430000,51
84,140,761.0,1252,19000,21
84,197,1189.0,873,82000,0
57,192,838.0,375,12997,0
43,177,355.0,162,390000,67
21,155,204.0,101,630000,45
54,120,660.0,3362,6700,0
151,298,1002.0,457,296900,30
101,192,95.0,39,329000,23
104,75,964.0,623,50500,0
84,255,669.0,3776,479000,44
68,211,472.0,595,499000,36
97,291,567.0,736,60000,46
15,145,377.0,216,289000,24
63,119,1008.0,0,145000,0
84,192,1300.0,107,16400,0
89,192,91.0,272,492000,15
42,192,637.0,0,36000,0
127,117,723.0,5087,113000,5
57,0,456.0,195,75000,7
47,74,493.0,247,338000,50
127,60,156.0,394,70200,44
68,155,561.0,1207,263000,50
23,229,243.0,135,500000,40
84,155,1104.0,378,534000,44
128,202,431.0,243,120000,0
59,192,147.0,351,58000,42
97,192,653.0,172,107500,2
59,177,138.0,33,109000,28
68,192,964.0,427,39000,2
127,117,523.0,2817,112000,4
63,267,363.0,684,1099000,49
43,140,763.0,1192,185000,0
84,285,966.0,1316,220000,14
138,252,153.0,118,699000,19
84,192,41.0,31,718000,0
11,163,730.0,449,29000,7
124,0,316.0,74,17000,0
84,192,982.0,5,95000,0
54,284,394.0,947,400000,19
84,198,971.0,2005,349000,36
118,179,166.0,113,269000,0
48,192,730.0,330,78000,50
120,192,415.0,125,78000,0
124,192,1017.0,0,29000,0
84,192,597.0,10,10600,0
54,1,245.0,162,590000,0
114,45,737.0,948,158000,2
118,161,199.0,1461,6500,0
84,192,84.0,192,52000,0
84,192,1141.0,3351,40000,0
18,142,511.0,2021,29000,0
81,192,814.0,951,50000,0
84,217,139.0,317,335000,26
120,192,615.0,72,54000,0
57,192,1546.0,82,50000,0
84,153,185.0,696,125000,5
88,192,128.0,189,250000,24
84,182,951.0,1141,1890000,43
21,155,750.0,712,264000,52
23,269,119.0,97,299000,45
101,192,225.0,220,225000,0
84,155,435.0,847,521000,46
97,179,162.0,223,49000,0
84,73,1225.0,1798,235000,39
100,291,624.0,980,250000,26
84,192,436.0,0,25000,0
63,267,764.0,2372,929000,36
110,242,209.0,83,203000,5
23,141,196.0,212,225000,38
84,155,803.0,536,1248000,51
63,192,127.0,86,30000,17
84,151,2093.0,23009,799000,46
0,192,1191.0,10,25000,0
32,192,64.0,92,198000,75
122,162,411.0,140,217000,0
150,192,371.0,53,13500,0
78,80,12.0,22,35000,0
4,80,120.0,85,800000,27
141,192,670.0,169,163999,0
68,179,212.0,187,47000,0
15,145,852.0,97,329000,0
54,162,387.0,36,299000,4
84,192,772.0,629,149000,20
63,179,264.0,203,24000,0
120,192,686.0,449,15000,53
68,192,770.0,5,68000,0
84,238,982.0,874,79300,35
142,192,93.0,66,470000,0
23,126,119.0,51,499000,22
23,177,376.0,302,690000,52
84,269,798.0,764,260000,46
12,135,793.0,565,400000,43
22,274,764.0,1229,129000,35
84,155,1975.0,4598,842000,55
84,260,1048.0,1302,68000,43
127,40,287.0,264,185000,0
86,93,512.0,859,570000,44
15,78,523.0,445,800000,40
62,267,211.0,229,899000,33
112,71,196.0,168,42000,4
97,125,457.0,351,205000,7
62,192,96.0,228,39000,0
84,155,779.0,802,662000,50
15,129,48.0,37,650000,35
38,240,90.0,223,450000,39
84,192,869.0,81,31000,0
132,5,559.0,304,75000,13
84,45,734.0,186,199000,11
99,145,271.0,29,379000,11
118,234,389.0,1142,39000,0
126,260,1047.0,1607,68000,43
59,40,191.0,260,53000,0
64,193,785.0,909,50000,50
141,16,168.0,41,373000,0
52,260,593.0,87,13000,0
146,192,208.0,28,38000,29
64,121,277.0,835,130000,48
109,192,988.0,72,38700,0
47,74,500.0,1726,650000,50
20,78,413.0,127,750000,40
97,127,548.0,1746,30000,40
84,155,803.0,565,1043000,51
117,60,638.0,968,45000,44
84,33,1605.0,3034,2249000,33
87,63,638.0,29,1750000,0
84,298,27.0,1095,413400,30
149,192,47.0,42,540000,47
97,192,92.0,55,25000,46
85,192,833.0,137,90000,0
148,192,1367.0,4,80000,0
119,192,51.0,87,319000,47
141,192,993.0,0,148999,0
68,155,560.0,466,227000,48
127,121,39.0,110,100000,42
15,145,874.0,504,238000,8
57,149,828.0,3841,36000,0
118,179,81.0,53,129000,0
84,65,1269.0,2828,59000,31
59,196,276.0,135,70000,30
124,192,796.0,1,150000,0
39,192,1608.0,6,59000,0
78,192,1343.0,2,52999,0
84,155,70.0,994,697000,47
21,155,749.0,855,220000,49
97,297,777.0,1866,43000,0
127,60,44.0,71,135000,44
0,192,454.0,4,520499,0
138,269,303.0,244,360000,50
8,156,493.0,281,111000,55
44,162,105.0,124,329000,50
6,192,348.0,218,425000,0
0,198,121.0,113,209000,31
127,291,349.0,1028,250000,37
141,192,1173.0,1,88000,0
46,192,614.0,250,95000,0
122,79,412.0,234,115500,0
109,192,1167.0,483,39600,0
59,192,586.0,5,6890,0
68,155,618.0,939,568000,49
127,192,167.0,96,220000,26
63,267,763.0,2564,690000,13
84,239,1542.0,1425,2300000,23
132,191,141.0,102,214000,64
57,192,1189.0,87,21400,0
30,255,505.0,232,299000,37
84,12,1009.0,4936,130000,32
132,0,298.0,709,30000,2
23,135,730.0,857,140000,39
21,255,1002.0,57,414000,17
12,206,2138.0,3004,159000,14
107,192,218.0,69,75000,0
47,5,980.0,1029,150000,18
128,157,442.0,227,199000,0
47,74,481.0,378,420000,50
93,17,119.0,62,169000,30
84,192,867.0,142,15199,0
47,5,383.0,49,350000,40
84,28,736.0,592,170000,0
126,260,1051.0,1233,95000,17
77,192,388.0,142,99000,0
151,192,74.0,57,299000,0
64,192,817.0,6,117000,0
56,192,25.0,34,36900,0
37,192,497.0,82,36000,17
57,2,922.0,1023,99000,0
28,192,1244.0,11,24100,0
94,105,698.0,201,66000,21
135,135,590.0,665,350000,32
126,265,989.0,2942,36000,0
85,47,243.0,66,120000,0
57,192,1168.0,215,18100,0
151,192,1450.0,70,32000,0
141,192,937.0,3,32899,0
57,192,775.0,45,14999,0
97,192,1008.0,50,26996,0
126,216,527.0,375,60000,32
104,192,1175.0,43,18500,2
84,218,1137.0,1330,150000,3
129,173,223.0,72,169000,0
86,83,308.0,32,500000,21
84,240,908.0,2,316599,0
57,69,583.0,1746,343500,37
6,262,1206.0,1949,69000,0
68,179,212.0,111,38000,0
64,193,788.0,1591,320000,47
84,58,1009.0,1116,210000,24
0,192,225.0,252,75000,11
15,145,968.0,319,276000,9
84,73,1256.0,1022,375000,14
84,269,133.0,2179,360000,49
59,192,536.0,249,85900,5
113,106,605.0,168,370000,0
137,58,994.0,4306,230000,16
84,61,1174.0,686,119000,0
84,221,842.0,895,234000,30
151,278,1698.0,571,290000,26
57,192,615.0,85,45000,0
126,119,929.0,497,150000,52
84,192,1190.0,39,59000,0
101,192,180.0,42,40000,28
142,253,195.0,240,850000,32
127,117,452.0,1139,184000,4
63,155,420.0,5,572000,44
64,163,679.0,397,65000,15
84,61,932.0,838,119000,0
151,150,512.0,8,270000,0
149,192,951.0,156,219000,0
94,235,708.0,664,35000,3
127,192,735.0,0,65999,0
7,214,1569.0,35,147000,0
81,192,643.0,129,99000,0
25,192,257.0,25,290000,5
30,284,280.0,139,300000,35
142,253,194.0,75,940000,14
113,192,679.0,323,88000,0
90,192,1010.0,404,450000,0
151,278,1056.0,492,390000,19
23,141,196.0,102,285000,37
33,52,1313.0,731,199000,36
9,179,174.0,309,15000,0
98,143,606.0,539,245000,39
84,240,2129.0,1666,180000,34
143,192,370.0,196,149000,6
126,260,1047.0,482,95000,17
59,192,240.0,137,189000,0
122,156,237.0,235,171000,51
84,192,74.0,183,68000,22
80,192,1057.0,50,176698,5
50,299,214.0,81,12000,0
63,1,250.0,266,380000,0
11,164,188.0,118,35000,0
4,22,800.0,929,1899000,49
84,65,1688.0,2339,691000,32
141,192,404.0,191,100000,0
2,145,887.0,1432,399000,13
16,60,421.0,9,24000,0
7,155,133.0,62,996000,52
84,211,1140.0,1466,499000,46
47,5,311.0,216,180000,10
23,177,314.0,55,350000,75
132,145,469.0,631,39000,3
59,192,105.0,171,39000,26
22,202,477.0,65,500000,31
92,192,231.0,167,47000,50
35,29,289.0,202,40000,33
152,249,819.0,94,80000,0
126,119,968.0,687,150000,52
44,133,415.0,114,169000,5
68,156,252.0,186,150000,0
118,86,826.0,149,215000,0
61,192,1171.0,16,68000,0
122,119,919.0,608,32000,13
84,240,1512.0,0,819000,0
3,117,467.0,370,169000,5
141,192,1161.0,3,44000,0
127,291,732.0,4767,120000,35
123,192,439.0,336,55000,45
84,206,2136.0,2822,560000,21
47,291,1140.0,1081,200000,28
127,220,658.0,713,169000,36
114,45,551.0,230,139000,7
144,192,187.0,60,39900,0
84,197,1189.0,647,88000,0
118,179,187.0,198,149000,0
119,196,359.0,50,49900,42
84,192,455.0,25,197998,9
46,90,462.0,589,35000,0
57,192,24.0,42,199000,25
59,77,43.0,57,80000,0
53,190,170.0,34,59000,11
63,192,558.0,4,405000,7
6,6,303.0,191,400000,50
47,191,807.0,625,262000,58
84,291,986.0,1667,115000,25
127,284,105.0,187,130000,40
62,175,523.0,234,139000,0
84,182,1210.0,1249,495000,31
104,168,984.0,2791,50220,0
149,288,225.0,159,150000,0
113,192,656.0,638,79000,0
149,192,862.0,70,86300,0
62,192,91.0,10,45899,0
118,192,1066.0,1354,186000,68
118,192,937.0,43,45000,0
84,12,893.0,2838,250000,33
115,84,1885.0,648,350000,8
128,112,231.0,139,229000,35
68,87,65.0,7,180000,3
92,173,603.0,587,85000,0
84,192,1301.0,53,31000,0
94,45,443.0,220,123000,0
84,192,207.0,100,199000,0
43,179,144.0,114,29000,0
151,150,512.0,12,495000,0
85,16,230.0,24,109000,0
126,260,1047.0,1701,68000,43
137,192,863.0,1,122000,8
136,192,463.0,23,35000,0
57,192,375.0,607,25000,0
132,192,699.0,68,60000,4
84,50,1338.0,58,120000,34
84,255,667.0,2737,989000,36
21,240,2129.0,2,148000,0
142,192,58.0,62,649000,42
43,198,121.0,92,189000,16
37,192,525.0,0,30000,0
20,145,209.0,243,289000,28
141,91,1490.0,1858,55000,0
84,198,582.0,594,269000,34
141,26,829.0,469,249000,20
47,192,723.0,437,199000,0
141,91,1280.0,1452,65000,0
127,192,827.0,170,189000,0
151,298,481.0,40,170000,0
84,213,1160.0,1583,60000,13
97,192,396.0,209,95000,8
21,182,155.0,10,400000,21
116,192,894.0,13,17000,0
120,192,90.0,51,99000,6
6,219,638.0,288,150000,0
16,51,117.0,23,125000,18
81,112,1371.0,335,249000,26
126,192,1258.0,46,150000,27
2,179,230.0,93,175000,0
97,292,1092.0,390,78000,27
84,192,996.0,12,18168,0
84,192,951.0,8,18100,0
84,192,974.0,2,25000,0
84,290,250.0,12,119000,0
128,192,1208.0,57,27900,0
131,185,779.0,110,99000,0
4,215,352.0,520,1600000,44
6,192,805.0,102,550000,0
7,243,448.0,475,250000,52
64,193,236.0,70,550000,48
7,155,435.0,441,592000,51
84,192,793.0,650,593000,36
74,177,547.0,1366,119000,50
97,12,250.0,30,65000,48
59,192,147.0,521,38000,50
122,156,531.0,250,263000,55
84,274,798.0,1445,249000,0
151,199,2020.0,1967,269000,12
86,192,230.0,57,119000,0
129,192,1457.0,8,29000,0
122,192,559.0,0,49000,0
64,144,1045.0,336,550000,31
126,260,1047.0,2189,68000,43
84,32,1640.0,9,3609000,0
57,87,348.0,1228,33000,6
115,192,939.0,51,120000,29
84,76,89.0,376,285000,0
91,192,1148.0,13,14718,0
81,192,960.0,6,39900,0
8,192,800.0,26,129000,41
23,192,896.0,72,34900,46
84,192,1156.0,8,22889,0
81,192,542.0,187,49000,0
78,261,678.0,52,82000,0
54,113,160.0,225,71000,0
97,192,226.0,5,86000,0
62,192,28.0,28,55000,0
23,177,72.0,47,89000,34
84,155,1499.0,1920,879000,51
90,192,118.0,3,590000,0
60,192,170.0,79,300000,34
18,159,195.0,160,748000,41
15,145,869.0,488,229000,19
7,155,133.0,108,1139000,53
44,155,409.0,178,149000,41
8,236,43.0,53,144400,7
64,192,908.0,7,245000,0
141,192,1091.0,22,84999,0
64,193,790.0,1935,350000,49
104,20,173.0,8,121000,0
151,298,1412.0,2,87000,0
6,192,589.0,83,20000,0
126,119,672.0,1228,150000,51
151,12,707.0,177,99000,40
7,180,111.0,54,125000,8
148,234,834.0,655,121500,0
127,192,648.0,5,114000,0
151,34,141.0,138,15500,7
68,192,735.0,0,74000,0
141,192,1093.0,611,70000,0
84,192,133.0,60,45000,20
84,192,1113.0,227,882000,22
82,136,47.0,12,59000,0
11,192,69.0,349,18000,47
111,192,94.0,4,79000,0
39,192,1261.0,329,24990,0
124,192,1100.0,6,45000,0
84,192,862.0,9,42999,0
64,162,449.0,35,270000,11
8,192,417.0,419,1200,0
128,192,1618.0,56,55000,0
0,45,44.0,8,429000,32
44,192,144.0,3,84699,3
97,192,539.0,20,55000,0
84,192,181.0,24,10000,0
82,192,595.0,2,235000,0
151,192,1531.0,3,12000,0
0,192,958.0,15,71000,0
84,117,27.0,2529,335000,0
7,121,39.0,35,180000,50
23,162,69.0,83,99000,0
127,60,44.0,86,63000,44
57,192,151.0,178,15000,0
91,192,572.0,201,33600,50
62,192,108.0,5,47500,0
47,191,701.0,584,460000,50
17,155,1619.0,8163,660000,52
141,53,894.0,1261,165000,0
142,179,106.0,46,190000,0
23,103,748.0,191,78000,7
149,98,596.0,798,99000,2
9,192,155.0,50,135000,0
84,192,844.0,91,58950,0
63,119,952.0,4,339000,0
84,61,1205.0,1346,150000,0
47,12,120.0,87,190000,37
47,192,638.0,0,46999,0
118,86,812.0,1290,250000,30
59,192,208.0,200,20000,42
104,197,1156.0,159,160000,0
84,192,799.0,186,179000,0
81,192,1139.0,4,58000,0
122,54,161.0,132,38000,0
64,192,645.0,28,8294,0
20,192,133.0,12,125000,0
84,192,937.0,680,62000,0
59,104,273.0,117,49000,0
21,240,560.0,359,370000,22
4,192,225.0,61,1250000,40
21,240,135.0,102,560000,26
7,155,1799.0,14597,506000,51
141,221,771.0,760,380000,48
21,255,967.0,108,494000,32
32,192,1191.0,0,21000,0
9,199,496.0,1224,66000,33
141,192,57.0,60,19900,0
50,187,313.0,110,65000,0
89,217,266.0,164,250000,32
44,192,106.0,1,168000,0
47,74,477.0,454,320000,50
84,148,9.0,1309,750000,28
43,140,319.0,179,185000,36
104,168,352.0,8,140000,0
84,239,883.0,0,949000,0
52,260,562.0,404,13900,0
127,291,667.0,1082,200000,26
144,76,751.0,10,110000,0
46,192,776.0,30,110000,23
85,49,169.0,50,220000,0
59,192,749.0,6,32900,0
115,84,1078.0,69,190000,20
8,192,134.0,30,22500,0
57,192,494.0,0,9999,0
84,197,1189.0,45,90000,0
147,192,1303.0,17,185000,0
89,135,397.0,226,135000,17
55,196,531.0,9,150000,27
57,192,459.0,0,129986,0
100,135,722.0,476,70000,27
125,192,1177.0,0,40500,0
57,192,634.0,0,30000,19
97,192,378.0,149,10000,0
7,121,41.0,41,300000,50
62,117,537.0,1558,415000,5
7,155,553.0,373,735000,47
141,131,618.0,623,103000,0
84,155,803.0,758,1098000,51
8,192,1540.0,910,139000,0
32,282,405.0,148,70000,43
2,192,413.0,79,108000,0
84,285,965.0,1818,300000,17
127,291,274.0,319,150000,48
127,121,41.0,33,100000,40
51,258,471.0,325,396000,25
143,269,463.0,84,250000,50
59,23,677.0,2363,59000,0
141,192,1029.0,414,69000,0
142,179,106.0,14,660000,0
73,177,573.0,498,99000,44
84,75,966.0,371,145000,0
18,142,404.0,654,25000,0
84,75,1001.0,1278,39000,0
127,235,386.0,55,105000,2
137,244,218.0,52,175000,0
84,192,1171.0,39,15000,0
111,192,352.0,112,129000,8
90,192,877.0,0,1900000,0
54,230,436.0,240,389000,34
84,192,1288.0,65,788200,24
77,46,639.0,31,190000,0
62,203,1644.0,915,380000,24
152,112,992.0,210,125000,32
37,192,1230.0,2,9900,0
30,192,442.0,16,135000,11
84,19,709.0,201,195000,5
127,179,99.0,6,139000,0
57,192,1185.0,0,80000,0
57,192,996.0,504,15000,0
63,267,273.0,50,1199000,33
127,65,421.0,435,1260000,17
151,276,604.0,822,169000,18
4,22,809.0,1409,969000,47
143,221,672.0,205,380000,48
2,239,918.0,10,825000,0
101,192,273.0,276,130000,0
141,192,189.0,28,54000,0
63,112,757.0,877,159000,34
84,285,853.0,2580,189000,11
7,240,533.0,1,143500,0
84,102,1181.0,239,5600000,30
84,192,1153.0,1584,6895,1
123,192,284.0,46,89000,49
51,186,426.0,399,165000,0
69,279,1328.0,805,190000,37
74,209,1840.0,528,255000,6
84,186,1027.0,480,27000,7
24,192,1388.0,0,366450,0
1,192,1029.0,0,10789000,0
66,298,408.0,235,49800,20
57,260,1003.0,457,159000,23
40,188,348.0,125,55680,17
115,119,1010.0,25,289000,0
84,192,1227.0,0,179000,0
122,192,869.0,235,22000,0
128,192,1505.0,7,151998,50
138,196,217.0,6,380000,30
106,191,151.0,93,599000,0
15,108,1199.0,67,95000,0
151,192,1162.0,5,215000,0
32,192,1275.0,0,78000,0
63,192,1122.0,0,139000,0
84,271,1275.0,48,120000,0
84,192,1057.0,55,19000,0
97,192,710.0,62,32000,0
119,134,2138.0,219,260000,21
128,192,1316.0,24,30000,6
117,261,2128.0,155,90000,0
84,192,1274.0,1182,40000,0
97,162,376.0,5,43000,0
84,192,1105.0,27,22800,0
84,192,1317.0,0,42899,0
70,245,663.0,69,65000,0
129,192,1455.0,1,28845,0
59,192,1008.0,0,17594,0
87,270,909.0,59,949900,0
44,192,1202.0,3,28999,0
21,192,891.0,22,114000,0
23,192,727.0,0,365000,0
114,192,593.0,906,150000,0
131,192,344.0,9,58300,0
46,192,1191.0,65,34000,0
21,155,229.0,161,709000,50
4,287,230.0,118,5800000,48
59,192,374.0,183,13000,46
8,60,152.0,199,178200,56
68,155,698.0,74,484000,44
38,269,106.0,76,511000,42
23,113,34.0,20,490000,49
86,92,161.0,89,388000,0
97,179,62.0,57,19000,0
57,192,1350.0,0,79900,0
7,192,862.0,868,172000,50
120,192,1162.0,24,35000,0
104,75,968.0,551,28000,0
0,38,606.0,0,120000,0
6,110,515.0,457,99000,0
18,210,69.0,22,60000,0
108,178,4.0,1,5000000,95
120,259,35.0,2,150000,45
18,87,650.0,239,55000,5
10,226,562.0,84,28000,0
122,192,1001.0,34,69000,0
44,192,1359.0,0,29000,0
47,192,669.0,226,209000,0
148,234,820.0,441,20500,0
57,192,391.0,40,28000,0
82,172,1297.0,9,239000,0
84,200,1087.0,115,425000,0
84,291,877.0,1908,130000,31
9,192,90.0,78,69000,43
104,75,761.0,325,84000,0
21,138,353.0,8,370000,33
23,140,680.0,425,19000,21
148,278,1049.0,2,225000,0
84,192,826.0,7,29500,0
84,118,1052.0,631,45000,0
48,192,464.0,7,97000,0
32,192,814.0,15,100000,0
115,163,713.0,8,99000,11
62,192,644.0,8,104000,0
43,132,1141.0,69,66000,8
84,76,39.0,57,35000,0
84,192,1304.0,12,18997,0
47,192,645.0,15,75000,0
48,192,345.0,38,11025,0
97,101,394.0,8,65999,0
58,192,420.0,1,689000,0
97,192,201.0,0,1000,0
53,68,593.0,1,95000,11
81,87,48.0,2,25000,0
97,192,447.0,1,45000,0
84,192,971.0,31,195000,0
57,192,1561.0,1,28999,0
84,192,1275.0,0,160000,0
71,192,1255.0,23,300000,39
131,165,225.0,1,29000,0
8,81,293.0,3,99000,0
25,192,1184.0,0,127000,0
98,192,590.0,18,49000,0
75,192,1163.0,27,145000,0
23,192,571.0,21,135000,0
84,192,1141.0,24,298900,0
50,31,386.0,9,73000,0
6,172,1255.0,27,109000,0
27,192,560.0,5,150000,0
70,245,316.0,7,65000,0
54,105,349.0,4,609000,48
119,196,208.0,4,176000,27
103,189,556.0,2,68200,0
151,192,883.0,2,77000,0
131,192,560.0,5,220000,0
54,119,330.0,2,169000,0
129,192,1311.0,168,34700,0
122,192,629.0,1,29000,0
69,192,572.0,1,190000,0
116,192,644.0,0,37000,0
84,192,1377.0,51,220000,0
131,201,146.0,1,80000,0
28,192,1454.0,0,15000,0
6,196,276.0,71,122800,0
47,228,1304.0,119,200000,0
127,192,784.0,1,79000,0
0,192,105.0,46,6900,0
6,209,2043.0,365,30000,0
97,166,992.0,18,260000,0
84,192,1272.0,7,289000,0
103,192,436.0,7,579000,0
57,192,357.0,13,40000,0
50,121,282.0,2006,25000,50
64,121,271.0,1164,25000,50
127,221,421.0,260,124000,4
88,192,82.0,54,39000,0
63,117,281.0,249,238000,6
84,60,295.0,549,100800,55
84,109,1881.0,1406,373000,47
20,192,663.0,291,420000,16
6,121,286.0,605,70000,50
120,192,84.0,29,399000,33
66,192,138.0,10,47999,0
77,192,768.0,13,217000,0
111,192,228.0,33,85000,0
146,162,320.0,38,32000,4
15,145,203.0,168,79000,5
138,269,591.0,708,260000,48
87,85,1350.0,924,55000,5
84,74,203.0,787,458000,50
57,94,901.0,283,209000,0
151,192,313.0,253,199000,0
84,192,1239.0,8,89000,0
84,203,1853.0,1823,300000,27
57,192,778.0,24,1399000,6
101,87,797.0,594,160000,9
112,162,359.0,131,32000,0
127,175,807.0,256,175000,3
118,160,964.0,1678,55000,0
84,192,1321.0,460,39000,26
151,150,512.0,32,17990,0
118,3,413.0,2147,6400,0
62,117,406.0,426,268000,4
87,73,798.0,419,750000,36
138,121,372.0,409,230000,36
141,192,407.0,110,189000,0
84,191,809.0,1066,187000,63
15,78,394.0,137,800000,40
20,78,715.0,200,770000,40
15,191,175.0,60,1088000,54
97,192,218.0,126,95000,9
84,192,832.0,6,8880,0
28,42,762.0,191,219000,0
0,121,255.0,371,30000,50
68,179,59.0,22,169000,0
137,188,567.0,668,248000,40
47,74,567.0,271,370000,50
84,128,208.0,221,203000,4
3,254,624.0,1499,500000,10
20,295,90.0,57,1800000,39
104,75,435.0,125,98000,20
128,112,231.0,96,229000,35
97,125,197.0,120,65000,5
47,181,407.0,601,580000,42
84,30,1127.0,596,234000,30
51,293,160.0,99,120000,6
82,163,728.0,230,49000,8
151,150,639.0,10,133900,0
38,240,254.0,130,263000,34
60,125,400.0,311,105000,5
102,3,322.0,161,599000,25
91,192,101.0,113,15000,0
60,27,69.0,26,239000,46
126,119,929.0,49,30000,0
97,97,448.0,153,125000,5
62,267,204.0,102,1169000,23
39,192,180.0,174,300000,45
118,234,425.0,2841,34900,0
15,78,715.0,210,770000,40
66,192,9.0,12,590000,0
127,117,285.0,248,292000,4
76,296,999.0,400,699000,0
51,258,475.0,141,550000,36
7,155,135.0,178,241000,50
84,182,1210.0,2146,585000,32
97,125,478.0,1258,45000,22
23,241,90.0,26,359000,17
126,260,1048.0,447,130000,32
113,192,632.0,221,163000,0
20,5,859.0,928,180000,10
127,103,143.0,80,75800,0
84,192,526.0,1,41993,0
81,192,985.0,150,46000,0
84,75,968.0,58,80000,44
87,255,327.0,141,539000,37
101,192,395.0,665,40000,0
104,168,1219.0,103,22990,0
72,177,573.0,383,69000,59
97,67,56.0,73,45000,2
6,192,216.0,111,19000,0
18,142,511.0,555,40000,0
84,192,10.0,570,35000,20
141,192,755.0,150,69999,0
112,57,838.0,807,115000,0
98,143,218.0,173,30000,33
127,175,614.0,205,39000,0
1,192,855.0,4,1590000,0
15,191,378.0,113,1088000,54
20,295,89.0,71,1500000,47
87,155,229.0,90,1184000,53
68,192,786.0,6,68000,0
84,192,1251.0,690,295000,2
37,192,469.0,0,30000,0
123,177,564.0,1433,99000,40
127,232,91.0,160,169000,0
6,0,319.0,85,590000,0
84,239,883.0,916,1950000,34
115,69,583.0,726,360000,39
72,177,564.0,273,49000,49
84,155,803.0,712,744000,51
84,278,1526.0,391,329000,22
124,284,218.0,116,250000,30
62,283,90.0,28,90000,3
151,7,352.0,120,168000,0
122,171,40.0,24,81575,0
9,199,441.0,461,166000,47
151,250,1480.0,1493,69000,16
26,162,387.0,110,208000,10
84,278,1698.0,387,490000,25
135,192,331.0,91,320000,0
59,87,871.0,216,99000,11
151,192,1210.0,158,84600,0
52,214,1196.0,156,7990,1
101,192,372.0,13,125000,0
84,192,133.0,93,44000,11
91,192,1214.0,42,23999,0
104,168,1398.0,254,91360,0
37,192,1419.0,283,163000,2
117,280,517.0,1130,7000,0
37,192,1293.0,5,44900,0
128,192,1178.0,60,70000,0
68,156,494.0,46,430000,37
122,171,40.0,23,59820,0
39,192,635.0,335,65000,0
84,155,1909.0,18192,1007000,53
7,60,128.0,106,250200,48
66,204,93.0,20,260000,33
54,155,403.0,1,682000,41
99,78,540.0,337,395000,25
119,48,577.0,225,349000,0
20,78,523.0,200,800000,39
23,177,564.0,210,1190000,63
84,102,929.0,229,3500000,46
87,155,749.0,24,352000,43
81,119,365.0,840,26950,18
8,60,152.0,176,160200,44
62,179,58.0,18,119000,0
90,192,786.0,422,190000,2
141,53,923.0,715,738000,54
6,192,1297.0,1855,59000,0
141,192,1136.0,51,54900,0
91,35,433.0,569,84000,45
59,177,573.0,420,99000,51
64,274,153.0,91,219000,38
141,179,95.0,78,40000,0
64,192,1163.0,317,64000,0
9,192,1311.0,89,27000,0
59,155,1791.0,132,184000,30
63,192,982.0,463,480000,0
85,47,240.0,64,120000,0
115,65,1176.0,1548,82000,32
91,192,233.0,187,13000,51
84,58,1341.0,1406,255000,13
141,192,495.0,3,52000,0
7,192,394.0,125,129000,0
47,192,645.0,240,75000,0
57,260,999.0,435,120000,26
94,277,257.0,51,115000,10
8,156,493.0,88,106000,38
72,192,503.0,370,13000,50
84,192,1002.0,880,34000,0
34,40,567.0,1099,95000,0
81,119,432.0,218,42000,0
112,192,1286.0,1244,15500,0
84,70,44.0,92,179000,0
59,192,207.0,86,80000,37
90,192,1065.0,14,8700000,9
57,218,526.0,118,10000,0
132,192,362.0,18,29000,0
21,64,1049.0,86,165000,0
7,243,501.0,577,288000,52
64,121,287.0,979,96000,46
84,255,616.0,1561,539000,34
82,0,318.0,41,119000,0
21,192,183.0,0,114797,0
67,171,55.0,19,709500,0
84,192,1177.0,358,299900,42
81,198,60.0,41,22000,55
9,192,228.0,77,98000,0
127,192,1250.0,84,480000,0
84,192,1216.0,307,28500,0
59,23,605.0,1960,65000,11
84,192,1197.0,152,39000,0
84,192,839.0,21,196000,0
64,112,1126.0,848,249000,35
36,72,464.0,333,350000,52
137,192,639.0,1,184000,0
65,192,820.0,3680,35000,0
8,192,1540.0,509,187000,0
15,192,551.0,83,150000,0
84,192,9.0,462,65000,3
30,240,825.0,2,37000,0
91,192,1162.0,1140,8000,3
52,260,895.0,2886,18000,28
143,192,641.0,165,99000,0
94,192,1017.0,158,55000,0
111,192,1353.0,2,85000,0
57,231,1727.0,690,39000,9
84,114,784.0,722,48000,0
121,44,120.0,42,495000,0
52,260,576.0,366,13900,0
97,225,558.0,181,99000,40
131,192,342.0,133,4000,0
57,192,64.0,89,9500,0
97,192,431.0,247,50000,0
84,192,1170.0,1960,6895,0
62,192,167.0,19,279000,5
84,117,1287.0,8081,615000,5
84,60,187.0,80,2399000,46
68,211,413.0,256,449000,35
120,37,1255.0,1058,299000,5
141,192,562.0,125,98000,0
134,192,252.0,48,145000,14
84,18,1514.0,2150,660000,21
9,199,413.0,787,90000,38
146,125,513.0,349,275000,17
6,156,567.0,267,186000,44
47,74,485.0,540,650000,50
7,280,467.0,491,186000,0
21,275,985.0,528,600000,0
84,269,792.0,154,200000,35
151,298,1460.0,522,217100,30
60,192,496.0,77,49000,29
148,192,758.0,18,125000,0
84,223,1295.0,758,295000,0
20,162,446.0,84,120000,2
84,264,62.0,269,198000,50
0,124,205.0,41,735000,0
89,74,109.0,255,860000,50
135,195,212.0,90,150000,31
59,177,573.0,301,99000,73
122,156,198.0,197,203000,42
47,192,729.0,129,119000,0
91,192,275.0,172,42050,45
94,192,667.0,6,16080,0
51,66,398.0,114,150000,27
107,192,569.0,24,149000,0
141,179,93.0,38,149000,0
97,192,218.0,85,92000,7
47,192,525.0,58,498000,48
84,2,1818.0,637,58000,0
39,192,244.0,49,66000,0
44,112,769.0,528,99000,34
84,146,533.0,393,35000,17
97,87,348.0,1089,19000,0
7,60,82.0,56,466200,66
79,192,107.0,1,690000,0
115,158,384.0,466,527000,36
84,212,310.0,946,898000,10
84,239,810.0,1206,1580000,28
54,155,71.0,33,387000,54
78,60,323.0,0,268000,0
75,70,433.0,84,99000,0
151,34,408.0,188,255000,5
74,177,261.0,82,130000,55
97,192,393.0,0,56000,0
122,156,324.0,103,338000,30
22,0,319.0,325,580000,22
122,156,324.0,53,600000,30
144,192,93.0,33,149000,2
151,298,1419.0,314,243100,30
52,4,149.0,166,15000,9
141,179,38.0,19,109000,0
81,192,278.0,265,34000,0
84,112,819.0,433,119000,34
37,192,965.0,1467,42000,40
57,125,197.0,74,35000,17
0,192,188.0,119,80000,0
149,288,436.0,297,150000,0
64,192,1283.0,431,119000,2
57,162,376.0,169,32000,0
91,192,1315.0,3,24000,0
151,298,1407.0,363,99800,15
6,110,515.0,354,109000,9
131,194,41.0,16,89000,3
32,282,638.0,664,69000,45
128,202,258.0,86,250000,37
63,192,819.0,0,172000,0
84,192,94.0,13,279965,0
104,197,1156.0,756,220000,5
84,298,443.0,0,78000,0
146,130,435.0,536,33000,0
144,192,110.0,1,113000,0
84,192,852.0,430,12999,0
127,192,31.0,74,65900,0
141,192,754.0,190,85000,0
28,192,527.0,0,13200,0
127,192,276.0,80,26000,0
141,192,922.0,237,132000,0
98,143,606.0,881,155000,35
2,299,232.0,70,39000,0
8,192,131.0,126,99000,0
84,192,252.0,19,45000,0
21,255,96.0,289,479000,40
84,192,125.0,44,59000,0
47,62,167.0,206,600000,49
84,117,91.0,2137,259000,5
14,60,323.0,0,1315000,0
87,162,68.0,84,199000,11
63,267,764.0,2151,139000,43
127,192,1183.0,26,177000,0
84,117,972.0,796,294000,5
84,240,1713.0,2,498000,0
54,155,403.0,292,726000,52
63,192,183.0,72,250000,0
127,117,405.0,179,258000,5
111,192,1302.0,64,16400,0
64,193,786.0,474,300000,47
61,192,163.0,0,34999,0
129,192,1316.0,208,345000,0
91,192,221.0,66,39000,0
127,192,317.0,116,190000,0
128,137,1014.0,211,180000,0
64,69,293.0,201,180000,33
84,192,1280.0,1700,39000,26
84,155,2018.0,20,400000,30
104,192,538.0,82,7000,0
84,168,819.0,74,36900,8
118,179,164.0,165,79000,0
120,192,55.0,11,41000,0
120,192,413.0,32,75400,0
74,260,349.0,3,64000,0
104,197,1163.0,483,80000,0
77,75,971.0,167,425000,0
115,192,959.0,316,100000,0
91,192,275.0,241,35000,45
97,192,680.0,43,34880,0
74,192,630.0,84,9500,0
129,192,265.0,39,70000,0
19,45,576.0,198,409000,6
110,9,583.0,142,38000,0
54,156,511.0,121,124000,0
94,59,63.0,25,219000,0
84,192,1000.0,118,24500,0
8,25,376.0,490,149000,23
47,281,742.0,2197,149000,0
120,192,764.0,158,55000,0
68,192,152.0,6,120000,0
94,105,633.0,235,139000,40
62,80,184.0,63,98000,47
84,192,299.0,206,38000,26
84,192,1112.0,10,273998,50
141,192,624.0,4,65000,0
104,192,1164.0,426,101500,0
71,192,589.0,346,25000,0
84,192,929.0,27,217000,0
104,192,1293.0,543,79000,0
26,192,14.0,0,148999,0
96,60,91.0,50,23000,43
123,192,554.0,107,59000,0
82,171,37.0,11,59400,0
59,87,873.0,82,35000,0
97,192,618.0,0,12900,0
4,192,225.0,20,1200000,42
84,255,853.0,0,402000,0
79,139,294.0,142,2590000,42
91,192,1181.0,378,42998,0
15,78,394.0,130,800000,40
23,177,559.0,91,1200000,67
84,155,1245.0,2,299000,36
109,60,422.0,137,70200,50
151,250,870.0,877,49000,53
146,125,450.0,1377,15000,33
54,113,526.0,1255,190000,22
54,113,364.0,366,105000,0
86,192,230.0,119,280000,39
8,155,924.0,97,60000,15
123,121,108.0,34,40000,50
2,117,85.0,25,333000,5
6,55,535.0,337,129000,0
146,125,240.0,379,135000,33
86,192,408.0,92,270000,25
141,192,644.0,338,200000,0
111,192,216.0,17,75000,0
142,192,400.0,313,42000,0
122,156,516.0,104,285000,35
127,192,968.0,189,109000,0
111,192,62.0,21,65000,0
84,155,803.0,873,929000,50
22,192,565.0,188,122590,50
84,192,392.0,51,109000,0
7,73,175.0,85,319000,27
83,3,245.0,2188,13000,0
102,135,647.0,204,45000,0
120,192,13.0,12,55000,0
68,73,1035.0,515,469000,39
91,248,436.0,1533,47000,45
91,147,491.0,871,45000,45
81,192,1282.0,753,53500,0
20,192,1211.0,0,98559,0
123,177,314.0,50,99000,40
127,175,654.0,1548,85000,6
84,221,940.0,1968,76000,20
151,233,406.0,446,189000,0
46,192,166.0,103,70000,44
148,192,1253.0,0,56858,0
32,192,66.0,44,96000,11
130,268,1290.0,317,599000,0
19,39,189.0,153,255000,0
84,14,1012.0,1165,749000,42
91,192,387.0,1824,31600,45
8,266,139.0,71,398000,51
84,192,1206.0,1119,2763,0
84,192,32.0,5,147000,0
95,143,396.0,434,138000,22
127,291,364.0,90,255000,49
127,291,867.0,1720,400000,34
104,197,1125.0,154,390000,0
111,0,314.0,101,135000,13
62,192,1065.0,255,102000,2
120,192,257.0,14,82000,0
97,192,730.0,607,60000,0
8,192,1157.0,122,119000,0
133,298,1759.0,0,105000,0
84,217,873.0,537,290000,7
149,192,1245.0,114,50000,0
54,113,82.0,17,450000,34
97,192,895.0,2122,58000,0
57,192,525.0,233,50000,30
50,192,259.0,69,35000,0
27,192,775.0,44,178000,50
6,116,138.0,162,5500,5
151,192,293.0,192,25000,49
84,192,37.0,9,1900,0
76,192,656.0,0,14999,0
57,192,8.0,27,560000,0
54,192,23.0,16,199000,25
84,0,318.0,22,2499,0
50,192,323.0,22,3000,0
102,294,567.0,30,37500,0
97,192,938.0,51,32000,0
84,192,1113.0,878,379000,44
84,117,1127.0,740,886000,5
84,77,1635.0,86,2840000,30
84,192,1177.0,718,299000,42
84,73,1533.0,1,642000,0
84,192,1164.0,49,17000,0
84,155,1700.0,1910,1139000,51
84,155,1857.0,213,330000,47
142,179,85.0,31,105000,0
104,180,212.0,106,58000,0
53,192,415.0,174,79000,47
71,36,434.0,110,195000,0
54,41,273.0,95,339000,50
141,192,755.0,4,143000,0
64,193,775.0,560,500000,46
89,192,64.0,72,178000,0
84,152,62.0,82,47000,6
84,155,2017.0,2192,556000,55
59,192,707.0,505,180000,2
84,12,1092.0,2349,70000,47
62,192,389.0,40,185000,0
151,214,904.0,334,115500,0
84,239,1542.0,1154,2800000,26
8,155,1230.0,2053,83000,52
104,197,259.0,84,60000,0
81,283,113.0,57,85000,3
84,272,1528.0,411,170000,24
84,227,140.0,110,499000,3
104,60,558.0,703,30600,44
87,192,552.0,0,1199000,0
24,192,236.0,43,206000,0
107,195,582.0,315,120000,38
118,281,757.0,2472,50000,0
143,55,376.0,344,99000,0
57,179,184.0,64,45000,0
64,112,1258.0,440,199000,22
64,192,1189.0,0,128898,0
57,162,299.0,165,33000,11
66,192,392.0,73,30000,0
64,192,709.0,387,92100,0
143,192,49.0,9,150000,30
142,192,713.0,49,120000,0
120,192,411.0,28,59000,0
110,242,455.0,405,320000,23
8,196,295.0,283,218000,41
37,192,635.0,401,130000,0
84,240,825.0,1,79500,0
8,192,1094.0,174,236000,0
143,107,166.0,45,255000,30
68,192,1106.0,104,88000,13
112,170,572.0,702,50000,42
97,192,393.0,57,148666,0
47,284,386.0,203,200000,23
62,284,70.0,26,180000,49
43,192,393.0,324,126000,33
21,192,736.0,71,76000,0
59,87,65.0,34,35000,0
57,149,542.0,641,10000,0
126,162,376.0,155,59000,3
101,216,224.0,167,115000,47
68,192,519.0,347,35000,0
84,197,1189.0,615,150000,0
91,192,275.0,82,48000,45
6,88,373.0,67,120000,23
84,192,1506.0,72,27000,0
39,192,1063.0,682,9000,0
7,257,685.0,30,485000,7
57,2,1846.0,131,132000,0
7,1,310.0,390,150000,0
123,192,390.0,111,22000,50
64,193,777.0,1196,550000,47
4,192,981.0,0,790000,50
4,295,462.0,402,1500000,27
97,192,132.0,4,99956,0
30,125,306.0,366,365000,20
113,192,250.0,1,109000,0
84,12,1231.0,2287,260000,37
107,192,78.0,37,68000,0
144,184,641.0,509,1090000,45
45,188,527.0,93,1310000,32
7,73,152.0,56,475000,20
97,125,418.0,808,75000,5
142,192,92.0,19,798000,42
38,141,191.0,161,345000,0
63,192,354.0,5,295996,0
20,78,394.0,79,800000,39
84,87,80.0,177,435000,9
64,121,274.0,465,125000,46
2,246,576.0,456,390000,0
68,156,534.0,157,138000,38
62,192,284.0,15,261628,0
84,192,1208.0,1,269000,0
7,192,750.0,5,164999,0
23,113,34.0,14,390000,49
101,192,262.0,45,245000,0
106,145,713.0,440,199000,30
120,216,425.0,87,420000,29
141,192,1527.0,141,29000,55
84,65,1597.0,6,336000,0
140,82,1216.0,1217,90000,0
23,141,188.0,67,215000,31
84,192,1085.0,173,24800,0
104,192,840.0,8,25000,0
97,162,408.0,81,229000,0
27,192,371.0,35,150000,50
123,192,329.0,257,50000,0
84,170,26.0,166,300000,27
99,192,299.0,220,145000,2
141,115,76.0,97,32000,0
84,144,1489.0,1934,250000,34
84,153,116.0,53,26000,3
37,8,1147.0,609,75000,0
84,0,314.0,40,30150,0
81,192,1183.0,1189,59000,0
127,40,566.0,212,225000,0
84,75,952.0,1148,138000,0
84,192,996.0,991,40800,0
104,168,812.0,3,24000,0
37,192,1037.0,18,30000,0
52,4,145.0,32,12000,12
112,274,414.0,317,129000,35
122,156,281.0,24,553000,43
68,192,359.0,99,40000,0
37,192,85.0,24,39900,25
127,179,144.0,51,49000,0
59,192,201.0,0,19000,0
101,291,532.0,427,250000,39
41,192,1037.0,4,45000,0
6,110,982.0,106,52000,3
57,192,97.0,32,170000,12
81,192,156.0,112,6900,0
84,192,1014.0,37,28500,0
68,60,56.0,171,412200,44
130,24,788.0,217,350000,32
32,282,1282.0,522,94000,48
84,214,904.0,0,110000,0
151,237,661.0,27,43000,0
23,196,295.0,38,134000,20
39,192,228.0,54,27000,50
84,192,1177.0,681,329000,40
41,192,548.0,4,19000,0
57,2,218.0,33,149000,0
127,221,495.0,320,124000,0
108,178,50.0,8,1600000,7
4,10,287.0,332,729000,2
146,125,388.0,633,32000,16
111,192,328.0,165,89000,20
87,155,1499.0,108,681000,41
127,188,37.0,19,319600,35
149,60,600.0,394,268200,52
7,243,435.0,120,250000,50
62,117,673.0,526,713000,5
59,192,244.0,275,66000,11
84,131,1215.0,1005,163000,0
64,192,667.0,36,16400,51
84,21,841.0,1840,219000,55
24,192,167.0,34,235000,0
91,192,231.0,60,47000,50
129,192,1442.0,377,213000,13
84,192,1169.0,0,83000,0
84,18,2138.0,1306,235000,26
0,192,284.0,100,460000,6
94,278,674.0,421,269000,0
129,224,211.0,278,65000,0
97,135,747.0,610,500000,47
141,53,894.0,417,115000,28
96,139,393.0,91,170000,10
64,193,267.0,145,250000,40
151,278,2106.0,113,299000,28
63,192,805.0,0,89900,0
128,279,875.0,988,295000,38
91,192,234.0,45,33000,51
84,173,708.0,330,95000,0
141,179,116.0,23,170000,0
92,192,353.0,127,36000,0
51,258,363.0,122,350000,17
145,199,314.0,368,154000,42
152,192,1140.0,3,110000,0
71,220,629.0,101,119000,0
62,289,156.0,57,95000,27
120,192,42.0,104,12000,0
57,60,422.0,6,12000,26
91,192,1315.0,2,24000,0
146,125,485.0,364,25000,20
117,261,737825.0,452,35002,0
151,250,1051.0,2016,55000,12
141,179,94.0,25,62000,0
20,192,454.0,122,144000,0
84,0,107.0,332,49000,51
57,135,518.0,265,80000,34
84,45,734.0,307,299000,9
91,192,1178.0,254,63000,0
62,175,813.0,359,169000,0
151,298,651.0,355,61500,30
84,21,1278.0,580,1094000,54
46,162,425.0,125,59000,3
104,192,1524.0,230,17900,33
129,192,1003.0,340,67000,0
123,192,439.0,104,9000,0
84,197,1126.0,959,210000,0
128,202,267.0,51,250000,31
124,192,1030.0,998,59400,0
62,192,1569.0,58,88000,0
84,192,388.0,24,149000,0
102,192,375.0,3,15000,20
94,192,375.0,68,320000,0
127,291,667.0,719,200000,41
111,192,166.0,32,66000,0
118,87,308.0,104,80000,28
57,192,61.0,56,14000,0
127,192,1110.0,3,93800,0
97,0,550.0,80,37000,3
149,179,162.0,16,149000,0
57,0,414.0,22,209000,0
9,192,1605.0,4,164799,0
117,192,1149.0,92,1000,0
97,67,55.0,29,105000,8
13,161,200.0,9,121000,0
119,125,464.0,494,305000,0
4,0,288.0,206,2450000,36
64,117,1233.0,3344,227000,5
84,78,1615.0,416,150000,8
4,192,1416.0,171,569000,37
141,192,875.0,32,115000,0
152,112,145.0,23,210000,28
84,117,93.0,235,380000,5
84,155,1570.0,7702,506000,51
141,192,407.0,41,188000,0
4,295,152.0,86,999000,25
141,192,1085.0,527,99000,0
6,262,742.0,1111,35000,0
102,58,1015.0,1560,32000,0
62,192,374.0,29,325000,47
63,192,167.0,0,259997,0
56,192,530.0,19,45000,0
84,207,855.0,833,115000,37
64,193,776.0,598,400000,43
21,255,616.0,1376,1869000,36
54,269,149.0,31,39000,11
37,192,433.0,140,42000,29
6,192,30.0,0,141999,0
6,192,557.0,0,998000,0
84,192,1282.0,402,20900,0
64,267,29.0,15,199000,2
76,192,1010.0,520,269000,2
64,193,238.0,79,160000,41
54,192,932.0,13,189000,0
31,192,615.0,198,169000,0
21,240,121.0,20,175000,0
104,20,238.0,37,41900,0
84,103,817.0,75,76000,2
124,291,281.0,208,300000,43
66,204,104.0,70,11000,9
68,192,394.0,80,41000,0
127,192,776.0,299,250000,0
6,192,1159.0,23,499000,0
32,12,748.0,342,59000,38
126,192,1290.0,15,77599,0
133,0,502.0,463,119000,0
34,68,365.0,170,69000,20
84,260,897.0,1807,13900,0
141,192,1129.0,26,58000,0
152,220,132.0,27,166600,29
27,192,334.0,75,78000,50
91,61,510.0,287,119000,0
5,220,390.0,264,79000,0
64,193,785.0,419,300000,44
47,256,1128.0,1159,180000,7
123,179,166.0,150,41000,0
84,111,863.0,255,2730000,50
57,179,48.0,44,23000,0
84,192,1176.0,265,150000,10
151,192,1373.0,49,44800,0
109,192,1261.0,2,16000,0
57,135,288.0,235,50000,42
57,192,657.0,353,86500,0
143,221,768.0,723,156000,0
10,2,636.0,706,45000,22
68,192,791.0,212,115000,0
84,192,1678.0,209,36000,8
84,192,190.0,161,325000,18
148,192,1225.0,4,128900,22
92,192,1107.0,1666,175000,0
44,192,431.0,16,125000,0
8,163,722.0,89,135000,4
127,192,566.0,3,65999,0
92,273,65.0,109,170000,0
1,192,777.0,32,109000,0
84,58,1002.0,571,120000,20
39,192,151.0,1,87000,0
29,60,422.0,29,178200,56
