p_id,p_review_count,p_rating_average
83412126,2961,4.8
118966833,314,5.0
83412126,2961,4.8
99868980,1812,5.0
53789448,3467,4.8
99868980,1812,5.0
73124602,6405,4.7
54484578,1876,4.6
1657931,1141,4.5
122692850,703,4.8
104991715,1119,4.7
70656791,2151,4.7
71890908,287,4.6
53583472,2314,4.7
169848307,247,4.5
73124602,6405,4.7
141298295,0,0.0
186627908,81,4.7
99621372,1025,4.8
104991715,1119,4.7
173211404,365,4.5
104270135,680,4.8
141298301,6,4.8
892121,278,5.0
3480627,1119,4.6
199753638,0,0.0
52885368,193,5.0
84566545,825,4.8
173211404,365,4.5
118858137,39,4.8
127031393,566,4.8
578967,1101,4.6
3258989,225,4.7
58804363,2601,4.8
99994000,1127,4.8
53789448,3467,4.8
186558014,59,4.8
165404269,225,4.8
127031393,566,4.8
1918591,418,4.5
118590908,6,4.3
11488920,5789,4.8
1399571,1068,4.7
52504270,549,4.7
187636657,89,4.5
118593659,13,5.0
177610565,131,4.5
165256438,326,4.8
195852183,21,5.0
17423771,541,4.8
127058707,237,4.5
2119173,930,4.5
11058658,535,4.8
59500188,115,4.7
197899197,172,5.0
176309206,1,5.0
109654810,191,4.6
115092053,488,4.5
174236741,55,4.8
116726951,266,4.7
141729787,0,0.0
2153235,2801,4.7
126725438,280,4.8
182971940,129,5.0
72904497,296,4.7
109654810,191,4.6
189491905,142,4.8
92521124,198,4.8
176169965,56,4.8
71924330,292,4.6
161390400,5,3.8
90531871,853,4.6
162526068,66,4.8
147384609,11,3.5
107961500,915,5.0
102751617,5,4.0
59387881,312,4.7
127058707,237,4.5
153066085,136,4.8
2119169,1070,4.5
186084768,1,3.0
57867023,2,4.5
26334551,506,4.5
181410158,98,4.5
91273061,782,4.6
122716812,1,5.0
195852182,11,5.0
1024190,1176,4.5
54145105,1170,4.7
165346784,161,4.8
122715950,3,4.7
122911188,389,5.0
192780801,6,5.0
75615959,693,4.8
110001215,13,4.5
199121402,0,0.0
56941523,1754,4.8
10227146,964,4.1
134582052,263,4.8
14453485,18,4.5
122715950,3,4.7
172364241,4,5.0
173151383,165,4.7
48045630,492,4.8
191918107,8,5.0
195192323,0,0.0
138336249,48,4.6
33067171,481,4.6
21441057,681,4.7
14640240,150,4.5
200711551,0,0.0
154298137,13,5.0
52574827,1259,4.7
143841853,266,4.8
192523772,6,5.0
178578300,0,0.0
100867528,26,5.0
65501191,338,4.7
104110135,489,4.8
119030223,177,4.6
892141,218,4.8
77280475,165,4.7
145311310,274,4.7
119195755,581,4.8
10585365,108,4.1
76647941,44,4.7
1303927,2255,4.7
57867024,0,0.0
46202190,8,4.6
57999394,359,4.7
65162494,285,4.7
146262084,598,4.8
153843550,18,4.6
66621525,2426,5.0
24156710,173,4.6
122700651,497,4.7
55900887,973,4.5
701227,458,4.7
112321595,308,4.5
121240362,8,4.6
115532506,206,5.0
173732608,1,5.0
201040328,8,5.0
1398733,431,4.6
71206737,46,4.2
52756206,206,4.8
20575188,13,4.2
185910176,77,4.8
64988886,732,5.0
174619828,67,4.8
197412247,33,5.0
185922606,16,5.0
193152585,27,4.8
32328782,412,4.7
28445641,1648,4.6
141298313,2,4.5
152018784,164,4.8
113224438,217,4.6
104680895,214,4.8
119203295,296,5.0
34818286,6,5.0
70898819,191,4.8
141246639,153,4.7
73550275,335,4.7
196051243,90,4.8
78025846,372,4.7
48510374,303,4.7
161030427,27,4.8
53830678,364,4.6
125728940,18,4.8
192303236,21,4.2
75614459,1803,4.8
108370954,53,4.8
195469953,13,4.8
119309533,431,4.6
74396976,1123,4.8
56880195,1115,4.8
51662145,584,4.2
196201377,4,5.0
59273521,33,4.8
98562149,137,4.6
73638934,285,4.6
106457363,148,4.7
131407951,432,4.5
156165766,26,4.8
78632653,265,4.6
173665649,0,0.0
25107085,211,4.8
58357614,868,4.5
3927949,179,4.8
138772427,94,4.6
163550425,4,5.0
134581992,234,4.8
55365176,222,4.7
183907622,25,5.0
26149459,13,5.0
187616941,89,4.5
25412653,8,5.0
195980111,13,4.7
76834277,269,4.8
171121490,116,4.3
144203236,124,5.0
15605817,487,4.6
128969410,312,4.6
176428092,1,5.0
1453915,1835,4.8
169978766,86,4.6
56555197,53,4.6
55875210,545,4.7
1575707,1276,4.6
112946538,57,4.8
149617968,76,4.8
1400785,395,4.7
187960080,20,4.5
59598451,1,5.0
4526273,32,4.7
50553218,63,4.1
189339895,158,4.5
54485029,423,4.5
120759154,7,4.6
21582013,266,4.6
198564551,77,5.0
48716779,420,4.6
75302285,25,4.8
2236959,443,4.7
138507381,102,4.3
32895306,140,4.8
32072094,237,4.7
51969021,3,4.7
121602582,53,4.3
111511362,26,4.7
70820849,198,5.0
96448166,111,4.6
164231871,273,4.7
116244976,103,5.0
7635008,141,4.8
53497035,47,4.6
27609461,4,5.0
137442930,254,5.0
185756969,44,4.5
119112667,95,5.0
94778000,168,4.7
194125082,11,5.0
74598515,607,4.7
194125008,14,4.8
52238368,403,4.5
76451291,67,4.8
197581462,26,5.0
17593518,860,4.6
35905855,980,4.6
106208909,141,4.8
20103667,195,4.8
188377432,11,5.0
121268576,0,0.0
91892226,456,4.5
118960590,129,4.7
127693039,72,4.6
162123535,27,5.0
73743740,104,4.7
184126392,1,4.0
186625954,330,5.0
96806548,156,4.7
47108061,87,4.7
97550074,20,4.7
196376951,16,4.8
120552065,149,4.8
10032000,15,5.0
193081467,26,4.6
137572447,123,4.7
116811832,363,4.6
186142362,16,5.0
79971957,40,4.8
165844783,106,4.1
176799999,89,5.0
199036961,36,4.8
2127549,1616,4.8
53472238,98,4.8
137671794,111,4.7
119007194,201,4.8
79267304,181,5.0
186879900,37,4.7
146384829,1,4.0
77304729,77,4.8
71682503,383,4.5
83927709,47,4.6
147265074,63,5.0
84469399,8,4.5
75659112,1199,4.6
77775165,798,5.0
68391419,284,4.5
165013585,40,5.0
49556908,183,4.7
58311830,287,4.0
196530625,11,5.0
53257845,374,4.3
143002904,129,5.0
59259444,331,4.7
192121064,9,5.0
45382725,70,4.7
42305900,70,4.8
143217219,98,4.6
32014487,1,5.0
195852180,2,5.0
189591918,20,4.6
195153706,5,3.4
48722252,154,4.8
69929041,172,4.8
117426617,2,5.0
88241130,237,4.6
177999497,49,4.6
3677799,412,5.0
73116895,6,4.8
117032461,68,4.6
72332230,126,4.8
46163430,170,4.8
51473042,11,4.6
52187161,6,4.3
200868130,867,4.5
131407862,290,4.3
167391475,4,4.8
36300228,13,3.6
117195930,68,4.6
37156888,21,4.8
152887056,21,4.8
48716910,174,4.6
125084260,58,4.7
203821499,6,5.0
203822775,6,5.0
56383693,30,5.0
122939123,79,4.5
134242996,197,4.8
45300792,322,4.5
194125023,14,4.8
781987,785,4.6
174489160,3,4.7
35876754,57,4.2
149573787,123,4.6
177158773,67,5.0
146887829,244,4.6
130767592,162,4.8
89992214,388,4.5
117353723,257,4.8
103755910,154,4.8
113458874,423,4.5
172950048,48,4.7
53647975,217,4.7
67823334,245,4.7
7202377,305,4.7
103757642,9,5.0
196530940,0,0.0
35058677,187,4.8
186555776,5,4.0
144803060,3,3.7
146935803,13,4.5
139716223,6,4.0
128593256,41,4.5
58840638,462,4.6
134515126,89,4.8
54686184,521,4.6
75664370,117,4.8
133573968,174,4.7
171734583,52,4.8
147976287,115,4.6
177969021,21,4.8
111843864,143,4.6
54625005,25,4.6
183057936,8,4.5
51915247,18,4.7
189208326,11,4.7
14681534,35,4.8
20680352,58,4.7
133136224,61,4.7
55409217,5,4.8
176024460,7,5.0
7699064,366,4.6
696349,136,4.6
195979652,13,4.6
20033756,19,4.6
196552579,4,5.0
34171666,5,5.0
127747995,132,4.7
201566005,0,0.0
36560504,464,4.8
75354717,348,4.5
50098102,860,4.2
72015075,438,4.5
186254300,8,4.5
155184630,53,5.0
3677797,545,4.8
96183241,23,4.8
53599746,18,4.6
52578184,5,4.6
20422266,500,4.6
76119803,36,4.7
114204740,169,4.8
68716601,167,5.0
115673330,43,3.7
54122078,119,5.0
103467467,11,3.8
164782821,15,4.5
158816081,4,4.5
3515227,16,4.2
73637243,494,4.6
196206937,1,5.0
195791851,5,5.0
155794592,197,4.5
54130086,553,4.7
26387653,82,5.0
71174837,22,4.7
96489644,48,4.6
104681142,207,4.8
185949624,4,4.5
181804475,0,0.0
58498874,195,4.7
80617683,1016,4.6
120552064,13,5.0
185653590,31,4.5
159971094,155,4.7
10227148,421,4.6
4497007,145,4.3
201841932,0,0.0
176691427,2,5.0
164244221,0,0.0
73918875,458,4.3
2151853,1575,4.5
197709905,28,5.0
46235645,95,4.6
201687096,16,5.0
21301419,95,4.5
188153396,2,5.0
11088145,124,4.8
4361879,430,4.5
121396300,7,4.7
180378151,120,4.7
63051860,872,4.7
138910755,131,4.8
2236967,239,4.5
57945711,213,4.7
114976767,472,4.7
55669191,1600,4.5
152561356,27,4.1
25140473,107,4.6
171319644,30,5.0
198058599,25,5.0
100522012,125,4.8
173717324,18,4.5
146509745,260,4.5
73493365,328,4.6
48594883,73,4.8
161301569,37,4.8
79445924,79,4.8
1918931,70,4.5
164593190,12,4.5
184737864,21,4.3
133245917,51,4.5
165029589,19,4.5
68478297,790,4.5
177350932,15,4.7
199728521,38,4.5
107961495,228,4.7
59425995,116,4.5
114789036,7,4.6
45126295,107,4.2
146288304,59,4.8
153866257,32,4.8
188447920,7,4.6
98562199,1,5.0
75616917,12,5.0
134853381,236,5.0
10404394,62,4.6
199593599,381,4.5
142382946,167,4.2
186085673,17,4.7
72459016,488,4.7
174162725,95,4.8
40717161,65,4.8
142261128,149,4.8
109468955,66,4.8
174897090,16,4.7
59220164,70,5.0
94724913,284,4.5
139699115,0,0.0
32178075,246,4.0
58546654,971,4.5
54682452,1,3.0
116766480,36,5.0
51554889,17,4.1
136543796,14,5.0
1403217,179,4.5
120273991,67,4.6
122642488,233,4.8
186991942,152,4.7
56336206,326,4.5
38309801,102,4.8
177488266,11,4.2
196813044,0,0.0
70684212,499,4.2
173854188,30,4.8
178068438,30,5.0
115972805,65,4.7
106208918,23,4.7
88222310,220,4.7
138952791,211,4.7
19929974,59,5.0
90941221,18,4.3
162112460,21,5.0
117585884,34,4.6
55630076,328,4.7
43759208,134,4.8
186654717,8,4.3
184738006,33,4.7
176598081,127,5.0
102488853,525,4.8
171198348,43,4.7
54051410,1637,4.5
53467695,575,4.0
197719976,47,4.2
164479566,203,4.8
198349400,8,4.5
25051899,18,5.0
71178441,200,4.7
74859074,25,4.7
116198000,81,4.5
54476660,427,4.6
51476716,666,4.8
182787194,16,4.7
2297915,331,4.5
194570463,5,5.0
144269648,91,4.6
56596052,12,5.0
203804135,4,5.0
187843307,31,4.8
150663096,46,4.8
197887886,0,0.0
107879022,77,5.0
68716605,228,5.0
167507252,69,5.0
112760341,421,4.8
776480,406,4.7
159514748,24,5.0
151555811,0,0.0
106349518,7,4.7
152700947,55,4.5
167443166,25,4.7
69327492,90,4.8
77962744,32,4.3
32178088,312,4.5
949687,230,4.8
53926794,32,4.8
12736380,0,0.0
41886085,671,4.7
144549612,5,4.5
52260520,138,5.0
73758944,332,4.2
141001207,26,4.5
73640967,173,4.6
92453371,132,4.7
72527573,352,4.6
174618568,23,5.0
101870479,52,4.7
30008695,6,4.7
152789537,7,5.0
56228508,170,4.6
106707718,16,5.0
20634384,8,4.6
27948515,10,3.6
99491659,37,5.0
16382581,4,4.5
73529777,1045,4.8
140791193,70,5.0
167030045,46,4.7
94891198,403,4.6
153467342,19,5.0
794973,115,4.7
976105,925,4.7
165219472,0,0.0
171797241,25,4.7
100901221,44,4.8
104681211,43,4.8
73510651,14,3.4
89463597,40,4.5
42759652,73,4.6
191057553,47,4.6
72044284,129,4.7
144467081,17,4.5
144338466,17,4.1
178515092,18,4.7
103780888,56,4.8
69226574,265,4.8
191326389,7,3.9
8085585,137,4.8
174262175,51,4.6
141971329,60,4.8
67707813,49,4.5
4629707,788,4.6
57146868,138,4.3
103564402,24,4.5
185380294,1,1.0
73954967,14,4.7
141143706,68,4.7
116048764,558,4.6
579928,809,4.5
176598080,17,5.0
127152344,59,4.6
82875291,113,4.6
169558291,55,4.7
78010514,65,4.5
50324186,151,4.5
132855126,43,4.8
76103827,40,4.8
89043119,40,4.5
61278429,62,4.8
197746067,13,4.8
47990067,2,3.5
185380314,2,1.5
172527718,1,5.0
53926277,74,4.6
191356123,0,0.0
84710499,150,4.7
32178097,753,4.7
89308474,144,4.8
1611899,178,4.8
35273810,70,4.3
91204885,203,4.6
129621597,11,3.1
38114299,82,4.5
72646042,136,4.5
11487527,38,4.5
106338289,160,4.8
192258425,20,5.0
135726619,13,4.6
117656718,6,4.8
111410597,12,4.8
72860451,25,4.8
94776792,9,4.5
104681179,23,4.8
70191598,2,5.0
70536777,24,4.7
200762341,19,5.0
73467694,948,4.6
186693022,24,5.0
183029245,26,4.5
105657875,231,4.2
68053069,450,4.8
195791850,12,4.6
53973090,365,4.6
50294624,91,4.5
72615961,692,4.7
68187835,218,4.1
115523542,9,4.8
14448546,85,4.7
178078834,41,4.7
75727537,17,4.7
52238726,298,4.5
83927711,26,4.5
52760599,4,3.8
50775246,25,4.6
139264008,5,3.6
118679389,18,4.8
94888985,0,0.0
111472777,6,5.0
71999229,145,4.8
121367420,149,4.8
198650405,4,5.0
182709717,26,4.3
120481094,48,4.7
558335,66,4.5
157175018,58,4.8
187608312,25,4.5
168392269,49,4.6
84553938,37,3.8
73230427,236,4.7
193541405,21,5.0
180105045,4,4.8
42354346,257,4.8
81936285,18,4.3
180750013,24,5.0
56731480,14,5.0
155326704,26,5.0
75339729,210,4.6
51852428,0,0.0
96180139,17,4.7
22372768,2786,4.6
155156574,45,4.7
115966800,82,4.7
193433927,24,5.0
5422713,408,4.8
198219660,91,5.0
54460849,83,4.7
195949375,655,4.7
57755151,164,4.5
134419412,49,5.0
188141191,7,5.0
106633540,41,4.7
33404972,148,4.5
93201992,0,0.0
160920629,5,5.0
177780405,3,5.0
165705675,11,5.0
19638219,3,5.0
124973968,0,0.0
142096809,28,4.7
71111080,222,4.7
202805092,288,4.7
165844799,43,4.6
144203362,102,5.0
787867,1042,4.7
142214410,25,4.7
52582326,59,4.5
153291977,19,4.6
72646362,248,4.2
54582729,46,4.5
467912,4,5.0
192120961,11,4.6
30008773,83,4.5
52354974,48,4.7
146845870,60,4.8
172935367,6,5.0
177780263,0,0.0
198800866,1,5.0
78291301,42,4.5
109026622,0,0.0
196953574,0,0.0
90523892,298,5.0
191822621,19,5.0
49865603,145,4.7
107580275,83,4.7
44350764,207,4.2
200671792,4,5.0
98153708,117,4.7
12461025,34,4.8
195336059,1,4.0
152446666,5,3.8
52326967,5,4.8
172447892,44,5.0
91341361,2,4.5
76225928,2,5.0
170078929,14,4.6
72652203,756,4.8
58678597,210,4.5
135442243,86,4.7
97924113,87,4.6
173635827,94,4.6
67096743,166,4.8
72467949,100,4.7
152922000,68,5.0
74566558,93,4.8
55052995,42,4.6
152521474,19,4.5
190791221,3,5.0
173726235,3,5.0
22081865,217,4.7
50745575,473,4.6
57863885,9,4.7
41619779,0,0.0
176251866,24,4.7
24482769,124,4.5
44810740,3,4.3
188382929,2,5.0
36026924,46,4.7
133866129,75,4.5
91246081,0,0.0
110462470,3,5.0
21459762,66,4.7
77947848,170,4.6
197676301,108,4.8
75340681,679,4.8
74307763,374,4.5
53116171,97,4.8
71091864,6,4.0
1651191,176,4.7
71005991,859,4.6
25153119,70,4.6
169208802,52,4.5
74387377,246,4.7
20332810,1,5.0
56275200,0,0.0
1325531,168,4.6
3689333,16,4.7
191136118,10,4.5
160275393,7,5.0
83410208,36,4.6
15703213,109,4.3
4216861,17,4.5
91752104,2,5.0
82438829,17,5.0
17509774,17,4.0
85763912,15,5.0
41075957,0,0.0
13566672,106,4.8
143226182,7,5.0
134012657,4,5.0
121971058,13,4.7
199581980,780,4.6
79691104,581,4.5
128206072,220,4.7
7699062,366,4.7
134621577,230,4.7
72652196,654,5.0
62734430,125,4.6
136874704,2,4.0
130410828,12,4.8
122413518,80,4.8
95043563,289,4.7
125771437,8,5.0
172940012,24,4.6
74695680,45,4.7
34082222,60,4.7
135507759,49,4.8
106996271,2,5.0
53058011,81,4.0
6976013,2,5.0
195461779,23,5.0
11341623,28,4.7
5490513,13,3.8
95512139,43,4.7
179592776,1,5.0
201114033,1,3.0
116982229,12,4.3
3926203,59,4.7
72789914,109,4.6
68413077,32,5.0
115902462,1,5.0
81141333,930,4.7
81141333,930,4.7
125555122,98,4.3
162577287,82,4.6
200768673,7,4.6
38462026,59,4.7
51105287,333,5.0
49454962,181,5.0
144203367,54,4.7
127215514,36,5.0
185647202,27,4.8
11220810,126,4.7
160306775,7,5.0
54132706,157,4.7
47499726,38,4.7
37085290,158,4.7
156000557,6,4.7
162366804,8,4.5
118680989,34,5.0
108243370,62,4.6
194964311,5,3.8
54644755,170,4.3
55330440,33,4.6
147975049,105,4.8
66877902,271,4.8
160944369,4,5.0
71001139,76,4.8
193904069,2,4.0
126257102,44,5.0
101081328,5,3.2
110895947,7,4.3
119261360,27,4.2
576867,43,4.6
67811815,13,4.5
84953200,53,5.0
158142189,10,5.0
172111074,41,4.5
138534630,148,4.6
76058957,232,4.5
59518200,552,4.7
7699053,138,4.8
54133235,120,4.7
115785215,94,3.4
125838543,177,4.6
173717336,22,4.6
116391343,95,5.0
90530495,159,4.6
147100752,1,4.0
186883908,27,5.0
130470014,44,5.0
94847014,105,4.7
8095711,1137,4.5
33787304,41,4.8
89473437,3,5.0
19423384,245,4.6
175147417,13,5.0
42491736,262,4.5
73147684,1,5.0
96209890,77,4.5
36935892,14,4.5
558346,6,4.7
57911829,50,5.0
56941522,225,4.6
23533560,8,4.5
7478361,6,5.0
132291817,8,5.0
113395638,5,5.0
31576989,117,4.7
170165687,4,5.0
45059353,1,5.0
647771,51,4.5
32021513,9,4.6
92366866,17,5.0
90135342,1,5.0
147413892,0,0.0
180997554,0,0.0
184814382,7,5.0
17941981,152,4.8
696495,50,4.0
110204562,62,4.8
181120173,5,3.6
139161475,44,4.7
80583091,1,5.0
126730148,36,4.7
106677814,184,4.8
118898224,55,4.6
80976065,42,4.8
120470959,36,4.8
71932587,57,4.6
36379695,218,4.8
477936,118,4.6
173187920,3,4.7
184245470,3,5.0
56247996,2,4.0
110894852,193,4.8
157055091,15,5.0
4166657,32,4.7
190491180,51,5.0
146062295,7,4.6
91208982,10,4.5
4581761,27,4.7
50952469,77,4.8
36313228,8,3.9
198696933,0,0.0
48140299,6,4.3
32021518,3,5.0
37033821,16,4.8
157501727,11,4.7
51512863,40,4.5
129260830,31,4.7
137978686,16,4.8
135156091,6,4.8
108936951,0,0.0
65446627,638,4.6
54478757,560,4.7
124483451,71,4.7
134649466,19,4.8
149959628,92,4.6
192891403,0,0.0
134360863,75,5.0
145468038,25,4.6
165669190,35,4.6
58978006,166,4.7
54156958,38,4.7
92533720,161,4.5
186348775,216,4.6
105812707,24,4.8
178515108,7,4.6
44936904,97,4.7
196005804,5,4.5
169919224,25,4.6
43808661,198,4.7
185004559,23,5.0
118133855,47,4.7
92732823,27,4.7
191448415,5,4.8
108918404,96,4.8
198058502,30,5.0
58407340,3,4.7
176166901,4,4.5
14640564,6,4.0
80757840,277,4.8
23991110,61,4.8
157171361,10,4.8
71207808,81,4.5
5766073,1,5.0
55057492,25,4.8
44728367,72,4.8
108258661,21,4.6
169366280,2,5.0
134777589,5,5.0
5766057,1,4.0
98182281,4,5.0
189010840,0,0.0
21373904,329,4.8
21101765,2020,4.5
162356111,40,4.5
25421013,115,4.6
77448059,366,4.8
466737,2072,4.6
46104797,564,4.8
164924067,8,4.8
3526073,834,4.7
186636765,9,4.8
81936300,148,4.7
169475138,13,4.5
197333402,3,4.3
171022457,28,4.7
98182361,14,4.7
143322314,15,4.5
115986066,29,4.5
192471715,15,4.7
170148399,11,4.5
81936241,223,4.8
158639945,17,5.0
138830694,122,4.3
187950505,2,5.0
36960736,89,4.8
191767775,1,5.0
21558490,5,4.6
166081758,2,4.0
14088456,150,4.5
71625981,51,4.7
75661165,37,4.5
177781721,3,4.3
1380291,1314,4.5
134222393,40,4.7
113566688,2,5.0
184519325,10,5.0
140656713,64,4.8
48715095,1,3.0
184123491,4,4.5
54675377,1,4.0
73497133,10,5.0
49369136,14,5.0
16109078,3,4.0
101721215,25,4.5
44278761,62,4.3
164227282,0,0.0
179510781,2,5.0
147570674,22,4.8
68768277,12,4.8
166155723,0,0.0
101948843,1,4.0
36302375,4,3.8
115723041,1,4.0
181461161,0,0.0
50231438,196,4.7
132209590,3,4.3
128707042,7,4.3
117090863,10,5.0
26242002,6,3.8
67201599,0,0.0
182148476,0,0.0
203222820,6,5.0
117808254,14,4.6
119220427,178,4.6
114204741,11,4.6
52316356,107,4.2
181909422,19,4.6
73384182,256,4.7
173999814,15,5.0
3088227,313,4.6
70083074,436,4.6
26491454,184,4.5
155546820,65,4.7
58828647,431,4.8
104681394,30,4.8
191918103,6,5.0
51530502,97,4.8
54758744,218,4.5
122575149,162,4.8
195968874,18,5.0
27068546,499,4.5
155382183,12,4.3
15186279,1,5.0
198102764,2,5.0
184895309,4,5.0
181223364,13,4.5
11220808,69,4.7
68521325,25,5.0
105374376,73,4.5
74605907,7,4.5
185798331,2,5.0
718970,23,4.8
107338468,102,4.8
81577986,127,4.6
178515096,6,4.8
52886539,34,4.6
92876038,0,0.0
106503197,0,0.0
86376338,16,4.5
16554817,2,4.5
108732479,176,4.0
26670490,637,4.3
162548473,81,4.5
54483857,631,4.6
121162213,60,4.8
34502530,22,4.1
92441037,207,4.8
14467293,62,3.8
196537115,3,4.7
101894776,73,4.8
188919548,11,4.8
195702452,0,0.0
5981431,78,4.2
163165152,5,4.2
145495739,14,5.0
114538193,85,4.7
181909432,15,4.3
99395759,18,4.5
135442410,47,4.7
7274279,53,4.8
198193045,20,5.0
193655164,1,5.0
46178511,283,4.5
178101136,8,4.8
100623179,36,4.8
192931450,0,0.0
52293501,0,0.0
106281062,46,4.8
95335291,17,4.2
119449900,101,4.8
139480868,10,5.0
108845462,21,4.7
99211918,76,4.8
55365677,11,4.8
149242704,10,3.8
189533392,3,4.7
193524524,1,5.0
204207778,34,5.0
177780314,2,4.5
44045342,29,4.3
195462469,4,5.0
52801595,13,4.3
164240361,3,3.3
13894372,14,4.6
139104197,6,5.0
70564013,74,4.7
199171114,0,0.0
129793626,0,0.0
42830291,12,4.5
136014171,29,4.7
7599467,54,4.7
49936368,8,5.0
53497586,6,4.3
55580718,403,4.6
190322459,20,4.6
186639740,2,3.5
7221847,34,4.8
190180906,19,5.0
131417609,40,5.0
13561925,270,4.7
169043847,26,4.6
74815043,347,4.3
92698521,111,5.0
181361773,6,4.7
145716620,28,4.6
203956802,7,4.7
13309367,10,4.3
143779168,63,4.7
67937873,96,4.7
169705136,26,5.0
195657317,1,5.0
107357043,115,4.7
105892083,3,3.7
98116109,210,4.8
139600248,135,4.7
6710595,22,4.1
43880302,136,4.5
71203507,202,4.7
188997797,12,5.0
169455049,0,0.0
122356424,20,4.7
204207230,52,5.0
133918074,12,4.8
7664636,31,4.2
131552628,102,4.5
53259958,34,4.7
144882485,15,4.7
184245786,10,4.3
150269472,15,4.7
166081798,2,5.0
87873126,157,4.6
68342231,14,4.5
3198855,2,4.5
167473547,4,4.8
88785173,0,0.0
138460509,9,5.0
136483137,3,5.0
145462776,0,0.0
55478942,5,3.6
109610880,1,5.0
101893893,0,0.0
2863013,0,0.0
132094378,2,5.0
135349808,6,4.3
180868785,0,0.0
17133712,32,4.7
144467687,4,5.0
143524862,14,4.6
91552224,80,3.8
198539715,0,0.0
99669191,32,4.3
692124,4,3.8
169135821,60,4.5
167469657,0,0.0
578902,101,4.1
1084776,350,4.7
89980825,263,4.7
57971649,304,4.7
153036917,80,4.5
51373821,18,4.7
38112032,179,4.5
186288399,3,5.0
58002786,221,4.6
198586955,1,5.0
47115292,115,4.7
163574367,44,4.7
53715506,150,4.8
46646792,70,4.2
53830664,227,4.7
11203853,2,4.5
69843631,48,4.5
186862075,11,4.5
119790624,1,5.0
118433440,79,4.6
184880512,3,5.0
650492,0,0.0
167501326,0,0.0
15737056,1,5.0
127301375,46,4.8
52131034,0,0.0
16362780,9,3.2
106281034,30,4.5
42905349,5,4.8
115933778,10,3.7
54585744,2,3.5
58389787,4,4.8
163918400,1,5.0
74935368,34,4.6
134416180,2,5.0
149354851,4,4.8
106336525,5,5.0
117048535,55,4.8
81509706,23,4.8
169691088,4,5.0
134351529,28,5.0
178913568,2,5.0
115340546,0,0.0
197615248,0,0.0
112262417,9,5.0
8051657,19,4.6
46676589,8,4.1
186304429,4,4.5
155828145,8,5.0
173725031,2,5.0
63480649,15,4.7
54467802,3,5.0
14632647,7,3.6
558102,35,4.5
162224791,4,4.5
102017121,6,4.8
176309369,2,5.0
191606117,1,5.0
137672943,9,3.8
162241008,0,0.0
72880108,0,0.0
105926543,0,0.0
108968424,7,5.0
52604131,5,4.8
108991166,7,5.0
14814981,74,4.8
89402921,0,0.0
68565401,7,4.7
56363238,40,4.5
13566702,13,4.5
169362095,1,5.0
13566732,3,5.0
53596982,5,4.0
175466616,2,5.0
49732530,100,4.2
167749983,9,4.0
46634685,15,4.7
184100186,1,4.0
184100249,0,0.0
115414570,6,5.0
4170205,0,0.0
105717965,147,5.0
193709920,14,4.5
172709177,59,4.2
98678067,92,4.8
157055245,2,5.0
185380278,25,4.5
50339509,116,4.8
655378,13,4.8
165758264,21,4.8
26488981,109,4.5
198097413,8,5.0
185743628,48,4.7
198214329,38,5.0
191576082,13,4.5
52581646,11,4.0
35905859,283,4.6
74037415,0,0.0
90119083,117,4.7
45293150,24,4.5
106385679,98,4.6
129640951,5,5.0
38434027,13,4.6
41430891,24,4.5
160292469,0,0.0
67650750,223,4.5
5561883,80,4.7
146432055,34,4.5
68786545,22,4.1
7561373,264,4.7
56615661,21,3.9
129260932,1,5.0
143864347,39,5.0
20642606,28,4.6
121604823,58,4.6
2909969,5,3.4
108201708,20,4.7
20523597,20,4.5
73983602,22,4.8
130780858,17,4.7
26053920,72,4.5
117207732,60,4.5
41332433,89,4.3
147389215,0,0.0
150200380,13,4.5
22411660,10,4.1
140357669,0,0.0
132829694,14,5.0
188013610,1,5.0
43346095,5,4.6
35845326,1,5.0
101861937,5,4.8
13599691,8,5.0
13986037,23,4.3
73330346,25,3.6
106779921,0,0.0
137580948,0,0.0
56527776,28,5.0
26242512,1,4.0
158386750,2,5.0
72680721,23,4.8
173539203,2,3.0
92099197,10,4.5
103743707,1,5.0
48995859,9,4.8
54437041,10,4.8
576989,2,3.5
153978236,6,3.7
201856544,0,0.0
169734817,0,0.0
99406825,5,4.5
5863091,3,4.7
19339494,4,3.8
2340279,4,3.5
22284428,0,0.0
12399195,0,0.0
117002371,60,4.7
33000593,2,4.0
97841121,1,5.0
72809774,20,5.0
198240370,13,4.6
55459728,0,0.0
141231741,0,0.0
33882797,1,5.0
166145476,0,0.0
96636633,1,5.0
198205815,0,0.0
52671521,2,5.0
176751471,0,0.0
21573526,0,0.0
127077985,0,0.0
454662,0,0.0
45293662,0,0.0
180868876,0,0.0
147423895,0,0.0
139732229,0,0.0
185991739,0,0.0
164433495,13,4.5
12739781,4,4.5
9844773,0,0.0
25305723,1,5.0
197165739,0,0.0
3926209,10,4.5
147423798,2,5.0
200938292,0,0.0
74525994,8,4.5
198898092,0,0.0
36314576,18,4.3
25475197,13,4.8
108635721,1,4.0
15563922,0,0.0
193840260,9,4.3
108243508,86,4.5
191911126,5,3.4
70655135,302,4.2
68034681,172,4.7
106808360,104,5.0
123531334,141,5.0
165109465,40,4.6
97917095,106,4.1
140643373,41,4.8
138830944,50,4.7
92523170,278,4.3
108243500,43,4.6
22403414,6,3.3
89429037,58,4.8
31206755,35,4.5
70334996,22,4.7
42718737,1,5.0
121042743,6,4.8
48721969,191,4.7
197849955,11,5.0
195480690,4,5.0
52720026,2,5.0
16196661,5,4.8
83847675,4,4.3
36379705,155,4.7
70765616,149,4.7
38245956,4,4.8
21239605,146,4.7
13778933,107,4.6
37266691,134,4.6
56995532,36,4.8
59341791,1,4.0
75411116,38,4.5
1325511,74,4.3
197925075,4,4.5
196150307,0,0.0
95760230,0,0.0
196763021,5,5.0
181151849,30,4.7
193713061,13,4.7
76176357,43,4.8
174128094,33,4.8
74296344,183,4.7
183488628,29,5.0
151768842,0,0.0
198126600,6,4.8
195955370,7,4.3
71065855,78,4.6
134360858,42,4.6
168901625,39,4.8
163583429,27,4.7
192015868,1,5.0
32518501,3,4.7
91271951,35,4.8
85351583,99,4.3
20615119,159,4.7
19384788,63,4.7
34512542,21,4.0
162873546,5,4.6
167521708,1,5.0
142242688,3,5.0
135442271,11,4.5
117138509,0,0.0
198246045,8,5.0
98182315,12,4.6
165166558,5,4.0
57284183,32,4.3
149521048,16,4.8
34170488,198,4.7
77899956,60,4.8
72804257,19,4.8
13158001,26,4.8
58456783,0,0.0
83741987,2,4.5
52254939,3,4.7
15236608,7,5.0
198099085,0,0.0
189596825,4,5.0
57708582,245,4.7
198097485,0,0.0
81125162,44,4.6
181909425,18,4.8
173433806,14,4.8
115482843,114,4.5
188446847,1,5.0
2039747,14,4.5
163580111,92,4.8
79665351,34,4.6
118433132,0,0.0
134582057,3,5.0
139076733,30,3.9
38059858,41,4.7
60709422,264,4.7
144333651,4,4.8
43605340,67,4.5
77029995,29,4.8
178220416,3,4.7
58536862,186,4.7
6256843,9,3.0
132144116,217,4.5
54672793,54,5.0
198525389,7,4.3
26488783,11,3.6
188375839,16,4.3
135321378,1,3.0
67262282,131,4.7
171436395,2,3.5
87302519,20,4.5
52576513,163,4.6
89427918,8,5.0
3013035,5,4.8
184243272,1,5.0
109351669,80,4.8
37495650,764,4.5
36461825,147,4.5
125658476,153,4.3
196343204,5,4.6
193708669,16,4.8
168234677,68,5.0
13556522,3,4.7
150662102,8,5.0
146564243,19,4.8
122277622,67,4.5
57045660,94,4.8
28619438,436,4.7
160278163,25,5.0
66628603,129,4.5
134415973,29,4.5
173768367,21,5.0
3524537,42,5.0
169650796,17,4.6
54082178,25,4.8
102508672,159,4.7
21610794,45,4.7
120470943,38,4.6
52297710,93,3.9
38666598,254,4.6
50206492,46,4.3
134957211,64,5.0
107443462,16,4.8
58677578,5,4.6
140217566,47,4.8
73314056,138,4.7
148810239,31,4.5
195699123,7,4.5
2775441,33,5.0
73547953,285,4.5
83398435,15,4.8
196339542,4,5.0
185654331,2,5.0
161024967,16,4.8
109626290,87,4.7
67527432,52,4.5
52575422,69,4.6
149094249,2,5.0
72829989,4,5.0
49123718,412,4.5
186645870,16,5.0
181710245,1,5.0
36461827,117,4.7
173806101,73,4.2
58075258,37,5.0
202840456,131,4.5
50326149,50,4.7
121220373,71,4.6
190989561,6,5.0
134283118,157,4.1
81723566,151,4.6
139224322,6,5.0
176775668,26,4.2
190510917,11,4.7
187642364,17,4.0
71544914,64,4.7
168806442,28,4.3
171496324,44,4.7
130978265,3,5.0
55481938,8,3.8
177912154,18,4.7
79398454,22,4.7
175211839,4,4.8
192635575,1,5.0
191378480,8,4.8
196786213,2,4.5
50740242,190,4.6
195797725,8,5.0
139283562,17,4.6
149459663,38,4.8
99269577,1,4.0
161026815,39,4.7
120170899,7,4.3
155630325,0,0.0
199653873,31,5.0
184518592,17,5.0
108280989,61,4.7
158743935,1,5.0
149349961,25,4.8
980512,85,4.7
59401658,1,5.0
165767116,7,4.7
14996421,28,4.2
53480800,71,4.7
132809146,36,4.8
166527183,2,5.0
106676695,177,4.6
173137857,6,5.0
127298524,11,4.3
203973987,12,5.0
165766694,2,4.0
202597230,6,5.0
20280308,34,4.2
204413236,4,5.0
203457589,4,5.0
107901745,2,4.0
156821210,0,0.0
200766587,0,0.0
155808553,0,0.0
58852893,748,5.0
160212514,13,3.8
579962,33,5.0
97817455,84,4.7
46448999,70,4.1
51251851,75,4.8
72016703,149,4.3
54616409,22,5.0
169274580,2,5.0
182456691,7,4.7
198223246,4,4.0
23096307,122,4.7
23403954,268,4.3
189167405,11,4.6
197867507,5,5.0
164158123,17,5.0
189390196,16,4.8
143001862,81,5.0
6895385,520,4.5
916729,46,4.7
188474170,4,5.0
190572601,2,5.0
68847758,77,4.8
198800861,1,5.0
116966601,59,4.8
68736740,155,4.7
75302784,55,4.5
141816133,25,4.8
151819145,39,4.6
66948895,67,4.1
72294275,47,4.7
196336659,4,4.8
141349418,29,5.0
189596867,4,5.0
77448379,118,4.6
133140569,2,4.5
193648140,6,4.8
133137369,7,5.0
5757489,120,4.2
803123,133,4.8
200761954,0,0.0
36452514,19,4.8
33593566,75,4.7
90742001,34,4.3
76468352,21,4.5
76124668,2,4.5
53521887,109,5.0
76046302,118,4.6
101841654,46,4.8
21238585,5,4.6
171469246,3,4.3
155107483,16,4.5
182602992,51,4.7
131030960,62,4.7
74944839,41,4.7
50393230,32,4.7
38241122,19,4.8
101948604,20,4.7
77662747,6,4.0
155704264,2,4.5
104681137,4,4.0
118555400,2,5.0
3604693,17,3.1
138615323,2,4.5
188568794,0,0.0
156812334,3,5.0
140746932,60,4.3
78633940,95,4.7
94656236,188,5.0
14764119,523,4.6
169772189,65,4.8
124554405,177,4.8
70834665,140,4.7
171476351,135,4.5
108209734,17,5.0
59318679,108,4.6
152351689,53,5.0
121741414,10,3.8
174299634,17,4.8
158804921,8,3.8
100159967,81,5.0
76252806,91,4.7
94440129,220,4.5
42270992,442,4.7
175432384,20,4.6
114572066,19,4.5
101921036,19,5.0
192961345,3,5.0
187622257,74,4.8
138573541,8,2.9
162427187,26,4.7
32004018,23,4.7
124704399,0,0.0
53506406,114,5.0
123446706,156,4.5
71063177,235,4.5
186826373,1,5.0
184807905,10,5.0
10814223,47,4.5
201089451,0,0.0
176530481,33,4.5
103118895,10,3.6
32178101,251,4.3
148654134,49,4.8
182707583,3,5.0
51849319,61,4.5
21229521,30,4.6
120166109,82,4.8
155253236,0,0.0
16269937,24,5.0
152548213,17,5.0
92385690,48,4.6
72942101,149,4.7
76551273,5,4.5
182729753,2,5.0
25055074,101,4.3
72559534,438,4.8
22026615,37,4.6
116819040,14,5.0
22778027,89,4.2
21682896,38,4.7
196932074,0,0.0
29339320,15,4.5
108652829,14,5.0
165018079,11,4.3
107426395,19,4.5
130769103,26,4.5
143292947,6,5.0
73463635,305,4.6
141525864,6,5.0
100317137,13,4.7
199916680,0,0.0
124934771,14,5.0
157213357,2,5.0
177726939,0,0.0
95213639,10,4.5
174502547,21,4.7
196889160,3,4.3
44803282,818,4.5
108605078,40,4.8
129747054,107,4.5
73785488,598,4.5
139287191,2,5.0
135442231,18,4.7
141201958,51,4.5
188375633,37,4.8
152656360,23,4.8
67932480,419,4.7
56459420,14,5.0
7984069,384,4.7
11291289,38,4.8
145700636,40,4.8
182842578,4,4.3
165679651,1,5.0
50485162,75,4.6
197878902,2,4.5
48722108,112,4.7
161455657,68,4.5
75478111,53,5.0
139301786,12,4.3
91302461,4,3.5
131498054,62,5.0
182480823,12,4.8
75783351,354,4.5
87959612,36,4.8
148883107,19,4.7
161953378,8,3.9
117198035,2,5.0
141075179,24,4.8
183349392,2,5.0
556663,354,4.1
130369125,12,4.8
51964151,9,5.0
134419302,53,5.0
6278199,76,4.6
63133571,311,4.5
186369626,2,5.0
142670656,21,4.3
130771630,38,4.8
172304364,0,0.0
134775474,89,4.6
148873333,42,4.6
184098200,1,5.0
161236346,32,4.8
106676756,58,4.6
8380873,14,4.5
72096379,21,4.5
86962523,47,4.8
107892904,4,5.0
198243664,2,4.0
1453913,915,4.7
191911148,8,4.6
114680434,5,4.6
72944511,218,4.0
105812596,13,4.5
84958837,17,4.0
113182491,56,4.7
69741184,116,4.5
53119459,149,4.6
177744785,30,4.8
59151859,317,4.7
68200912,133,4.8
194465292,7,4.7
118429716,1,5.0
73464817,411,4.7
17164211,30,4.0
5057371,363,4.5
19920919,2,4.5
88925284,9,5.0
161455624,40,4.2
144582478,55,4.3
138897143,10,4.5
146495143,58,4.8
101261451,25,4.6
35422376,1,4.0
112072065,112,5.0
130385982,51,4.7
158898036,1,4.0
68846901,113,4.8
87166627,61,5.0
4621783,11,4.1
20421319,12,4.8
92099025,52,4.1
163033894,21,5.0
194498783,8,4.5
32720443,246,4.5
161253442,18,5.0
117370665,76,4.7
101901604,5,4.0
181563143,3,4.7
52156047,109,3.8
153027260,8,4.8
15839139,11,4.8
98804083,72,4.8
451852,0,0.0
72522218,66,4.6
34816875,1,5.0
48287902,72,4.8
85908084,40,5.0
52310269,106,4.7
141472707,17,4.3
104103519,8,5.0
87628025,50,4.5
1919111,21,4.7
164287920,8,4.8
33898897,15,4.1
143589029,0,0.0
529404,24,4.5
101948816,31,4.8
114924185,24,4.3
75373271,115,4.7
113655435,15,5.0
199009009,0,0.0
106677894,33,4.7
169325250,11,4.7
73600593,30,4.6
106699941,0,0.0
77987439,31,4.7
58502576,0,0.0
43110675,3,5.0
36461829,107,4.7
175162131,8,4.5
116681853,44,4.8
21233181,17,5.0
155114109,28,5.0
114621700,71,4.6
120481566,84,3.8
92761971,25,5.0
94321715,499,4.8
198028980,6,4.3
72041730,162,4.7
21078746,306,4.6
105170899,3,4.3
135350935,104,4.7
3604695,17,4.7
146628789,25,4.2
176059637,13,5.0
137753122,37,4.6
76658958,1,4.0
87131268,49,4.6
195979647,1,5.0
150851260,15,4.3
55140076,1,5.0
21482866,105,4.6
106610513,43,4.7
144590196,26,4.7
112329326,23,4.7
58814335,255,4.8
186440945,21,4.8
4355547,253,4.5
104680874,53,4.8
162424714,61,4.5
176677477,3,4.0
76296651,52,4.8
159515105,24,4.7
85029598,1,4.0
35317142,73,4.6
118997870,77,4.5
21482873,44,4.3
194455244,5,5.0
142801526,8,4.5
38447686,299,4.5
135086659,5,4.8
198069246,3,5.0
15164014,38,4.7
184518628,20,4.6
134360700,27,5.0
180750577,9,4.7
177960863,7,4.7
15675965,130,4.7
82384677,7,5.0
154261693,6,4.8
6077793,33,4.7
4019171,8,4.3
157567641,9,5.0
58228617,166,4.5
114688994,17,5.0
25036470,68,4.2
160306790,0,0.0
16386173,13,5.0
62231649,1,4.0
35449842,106,4.8
177344420,3,4.3
204413602,4,5.0
115506559,47,4.6
22120754,16,5.0
45404047,51,4.5
155704322,0,0.0
203911339,0,0.0
116452179,2,3.0
203427275,0,0.0
109298404,21,4.6
204413655,3,5.0
203476850,0,0.0
203443722,0,0.0
203458330,0,0.0
203457448,0,0.0
203448689,0,0.0
143608560,6,5.0
191820658,32,4.7
191911130,7,3.9
143503587,22,3.1
56612464,25,4.1
143752087,36,4.8
117002224,83,4.7
153469051,44,4.5
118013604,33,5.0
96028866,15,3.9
93062863,57,5.0
186202546,3,5.0
101586136,44,4.3
110756858,2,4.5
5429807,9,4.6
88230880,69,3.9
51044868,46,4.5
198029386,1,4.0
142441475,113,4.1
193777239,5,5.0
72458022,10,4.8
72105089,75,4.8
181561300,12,5.0
20476542,3,4.3
80901951,19,4.5
76352573,51,5.0
139562345,5,4.2
173169073,5,4.5
76833701,222,4.5
176684845,27,3.9
139488958,4,4.8
89459610,57,4.5
71961087,88,4.8
163170428,0,0.0
3677753,671,4.5
53923120,82,4.6
135047829,82,4.6
162406191,2,3.0
58566020,78,4.1
160265326,13,4.5
191429737,5,4.6
133808448,143,4.7
24498245,21,4.0
176478678,7,4.7
72659852,93,4.8
198692954,3,5.0
162873566,1,5.0
167737767,22,4.1
